brand,product,small_pack_price_og,case_carton_price_og
Stone & Wood,Pacific Ale Bottles 330mL,$24.49 pack (6),$77.99 case (24)
James Squire,One Fifty Lashes Pale Ale Bottles 345mL,$22.99 pack (6),$52.95 case (24)
Little Creatures,Pale Ale Bottles 330mL,$21.95 pack (6),$61.95 case (24)
Balter,XPA Cans 375mL,$18.99 pack (4),$59.99 case (16)
Mountain Goat,Very Enjoyable Beer Cans 375mL,,
Furphy,Refreshing Ale Bottles 375mL,$20.99 pack (6),$50.95 case (24)
Burleigh,Big Head No Carb Beer 330mL,$21.95 pack (6),$67.99 case (24)
Great Northern Brewing Company,Original Lager Cans 30 Block 375mL,$4.29 each,$56.95 case (30)
Young Henrys,Newtowner Pale Ale Cans 375mL,$21.45 pack (6),$65.99 case (24)
Gage Roads,Single Fin Summer Ale Bottles 330mL,$19.95 pack (6),$59.99 case (24)
4 Pines,Pale Ale Bottles 330mL,,
Yak Brewing,Fat Yak Original Pale Ale Bottle 345mL,$18.99 pack (6),$51.99 case (24)
Balter,Captain Sensible Cans 375mL,$14.95 pack (4),$49.99 case (16)
Yak Brewing,Wild Yak Pacific Ale Bottle 6 x 345mL,$18.99 pack (6),$51.99 case (24)
Better Beer,Zero Carb Lager Bottle 330ml,$19.99 pack (6),$59.99 case (24)
BentSpoke Brewing Co.,Crankshaft IPA Cans 375mL,$20.99 pack (4),$92.99 case (24)
Stone & Wood,Pacific Ale Cans 375mL,$18.99 pack (4),$60.99 case (16)
Balter,Hazy IPA Cans 375mL,$21.49 pack (4),$72.99 case (16)
4 Pines,Pacific Ale Bottles 330mL,$18.99 pack (6),$54.95 case (24)
Pirate Life Brewing,South Coast Pale Ale Cans 355mL,,
Mountain Goat,Fancy Pants Amber Ale Cans 375mL,$23.39 per pack of 6,$71.99 per case of 24
Colonial Brewing Co.,USA - AUS Pale Ale Can 375mL,$21.90 pack (6),$73.99 case (24)
GABS Australian Invitational Craft Beer,8 Pack,$49.99 each,$149.99 case (3)
Coopers,Sparkling Ale 375mL,,
White Rabbit,Dark Ale 330mL,$26.49 pack (6),$79.99 case (24)
Coopers,XPA Cans 375mL,$23.99 pack (6),$67.99 case (24)
Coopers,Pacific Pale Ale 375mL,$21.49 pack (6),$54.99 case (24)
Kaiju,Krush Tropical Pale Ale Cans 375mL,$24.99 pack (6),$79.99 case (24)
Rover,Henty St Ale Cans 375mL,$19.99 pack (6),$57.99 case (24)
James Squire,Broken Shackles Lager Bottles 345mL,,
Kosciuszko,Pale Ale 330mL,$23.99 pack (6),$64.90 case (24)
Brick Lane,One Love Pale Ale 355mL,$22.29 per pack of 6,$66.99 per case of 24
Sail & Anchor,Pale Ale Bottles 330mL,,
Mountain Goat,Summer Ale Cans 375mL,$19.99 per pack of 6,$61.99 per case of 24
Young Henrys,Natural Lager Can 375mL,$21.49 pack (6),$64.99 case (24)
Matso's,Mango Beer 330mL,$23.99 pack (6),$71.99 case (24)
Zytho Brewing,IPA Cans 375mL,,
Mountain Goat,Very Enjoyable Beer Bottles 375mL,$17.45 pack (6),$53.99 case (24)
Balter,Eazy Hazy Can 375mL,$15.99 pack (4),$51.99 case (16)
Zytho Brewing,Tropical Haze Cans 375mL,$24 per pack of 6,
Gage Roads,Side Track All Day XPA Can 330mL,$19.99 pack (6),$59.99 case (24)
O'Brien,Gluten Free Premium Lager 330mL,$21.95 pack (6),$76.99 case (24)
Colonial Brewing Co.,Southwest Sour Cans 375mL,$25.99 pack (6),$83.99 case (24)
Zytho Brewing,Zesty Pale Ale Cans 375mL,,
Black Hops,GOAT Hazy IPA Cans 375mL,$21.95 pack (4),$74.99 case (16)
White Rabbit,White Ale 330mL,$26.49 pack (6),$79.99 case (24)
ColossalBrewing,Hopmosphere West Coast IPA Can 375mL,,
Feral Brewing Co,War Hog IPA Cans 375mL,$16.80 pack (4),$52.50 case (16)
Balter,IPA Cans 375mL,$21 per pack of 4,Non-Member: $23.99 pack (4)
Stone & Wood,Cloud Catcher Australian Pale Ale Bottles 330mL,$22.99 pack (6),$74.99 case (24)
Stone & Wood,Green Coast Lager Bottles 330mL,$19.99 pack (6),$63.99 case (24)
Gage Roads,Sleeping Giant IPA Bottles 330mL,$16.10 pack (6),$48.30 case (24)
Your Mates Brewing,Larry Pale Ale 375mL,$18.90 pack (4),$62.99 case (16)
Garage Project,Golden Path Juicy Hazy IPA Can 330mL,$24.90 per pack of 6,$77.99 per case of 24
James Squire,The Swindler Tropical Pale Ale 345mL,$21.99 pack (6),$56.99 case (24)
Ballistic Beer Co.,Hawaiian Haze Pale Ale Cans 375mL,$15.95 per pack of 4,$59.99 per case of 16
Feral Brewing Co,Biggie Juice East Coast IPA 375mL,$22.99 pack (4),$68.99 case (16)
Colonial Brewing Co.,IPA Can 375mL,$26.49 pack (6),$86.99 case (24)
Two Bays Brewing Co.,Gluten Free Pale Ale 375mL,$24.99 pack (4),$78.99 case (16)
O'Brien,Gluten Free Pale Ale 330mL,$23.49 pack (6),$76.99 case (24)
Moon Dog,Lager Can 330mL,$19.29 pack (6),$55.99 case (24)
Moon Dog,Old Mate Pale Ale Can 330mL,$20.99 pack (6),$61.99 case (24)
4 Pines,Freshy Extra Refreshing Ale Bottles 330mL,$17 pack (6),$54.90 case (24)
John Boston,Pale Ale Bottles 330mL,,
Pirate Life Brewing,Pale Ale Cans 355mL,$13.30 pack (4),$43.40 case (16)
Young Henrys,Stayer Mid Can 375mL,$20.99 pack (6),$63.99 case (24)
Burleigh,Twisted Palm Tropic Pale Ale Bottles 330mL,$22.49 pack (6),$66.99 case (24)
Little Creatures,Hazy IPA 375mL,,
Initial,Brewing Craft XPA Can 375mL,,
Pirate Life Brewing,Acai & Passionfruit Sour Cans 355mL,$16.09 pack (4),$52.99 case (16)
Black Hops,Pale Ale Cans 375mL,$15.95 pack (4),$55.99 case (16)
Brick Lane,Sidewinder Hazy Pale Low Alc 355mL,$15.99 pack (4),$51.99 case (16)
Gage Roads,Pipe Dreams Coastal Lager Bottles 330mL,$19.99 pack (6),$59.99 case (24)
Little Creatures,Pacific Ale Can 375mL,$51 per case of 16,Non-Member: $52.90 case (16)
Dainton Beer,Blood Orange Rye NEIPA Cans 355mL,$22.99 pack (4),$107.99 case (24)
John Boston,,,
Zytho Brewing,Hemp IPA Can 375mL,$17.50 per pack of 4,Non-Member: $18.99 pack (4)
Black Hops,Hornet IPA Cans 375mL,$19.95 pack (4),$68.99 case (16)
Moo Brew,Pale Ale Can 375mL,$22.50 pack (6),$72 case (24)
Moon Dog,Beer Can 330mL,$18.99 pack (6),$58.99 case (24)
Hughie,Pale Lager Can 375mL,$50 per case of 24,Non-Member: $51.99 case (24)
Feral Brewing Co,Hop Hog Pale Ale Cans 375mL,$13.30 pack (4),$42.70 case (16)
James Squire,Broken Shackles Lager 375mL,$35 per pack of 15,$68.99 per case of 30
Atomic Beer Project,IPA Cans 330mL,$16.10 pack (6),$48.30 case (24)
Atomic,Pale Ale Cans 330mL,$19.95 pack (6),$59.99 case (24)
Fixation Brewing,Obsession Session IPA Can 375mL,$20.99 pack (6),$71.99 case (24)
Stomping Ground,Passionfruit Smash Sour Beer Cans 355mL,$16.99 pack (4),$79.99 case (16)
Mismatch Brewing Co.,Lager Can 375mL,$13.30 pack (6),$42 case (24)
Brick Lane,Draught Cans 375mL,$20.29 pack (6),$58.99 case (24)
Sierra Nevada,Pale Ale Draught Style Can 355mL,$19.19 pack (4),$91.99 case (24)
Coopers,Sparkling Ale 750mL,$8.29 each,$68.99 case (12)
4 Pines,Nitro Stout Bottles 330mL,$19.99 pack (6),$71.99 case (24)
Black Hops,East Coast Haze Hazy Pale Ale Can 375mL,$16.99 pack (4),$55.99 case (16)
Panhead,Quickchange XPA 375mL,$18.99 per pack of 4,$60.99 per case of 16
John Boston,IPA Can 330mL,,
Two Birds,Summer Ale 375mL,$22.99 pack (6),$77.99 case (24)
Colonial Brewing Co.,Watermelon Raspberry Sour Can 375mL,$26.99 per pack of 6,$87.99 per case of 24
Culture House,Raspberry Berliner Weisse Beer Cans 375mL,,
Initial Brewing,IPA Can 375mL,,
Pirate Life,Point Nine Cans 355mL,,
Sierra Nevada,Wild Little Thing Slightly Sour Ale Can 355mL,$21.20 pack (6),$70.70 pack (24)
Brooklyn Brewery,Bel Air Sour Ale 375mL,$18.99 pack (4),$58.99 case (16)
Young Henrys,IPA Can 375mL,$24.99 pack (6),$81.99 case (24)
Voodoo Ranger,IPA Can 355mL,,
Bridge Road Brewers,Beechworth Pale Ale Cans 355mL,$17.99 pack (4),$59.99 case (16)
Colossal Brewing,Mind Harvest East Coast IPA Can 375mL,,
Green Beacon,7 Bells Passion Fruit Sour 375mL,$16.99 pack (4),$59.99 case (16)
Hop Nation,J Juice NEIPA Cans 375mL,$27.99 pack (4),$88.99 case (16)
Little Dragon,Alcoholic Ginger Beer Can 330mL,$23.99 pack (6),$88.99 case (24)
Green Beacon Brewing Co,3 Bolt Pale Ale Cans 375mL,,
John Boston,XPA Can 330mL,,
Boatrocker,Stout Cans 375mL,$20.99 pack (4),$102.99 case (24)
Sail & Anchor,Golden Ale Bottles 330mL,,
Crony,Refreshing Pale Ale Can 375mL,,
Newstead Brewing Co.,Pale Ale Cans 375mL,$12.60 pack (4),$56 case (24)
Hurricane Head,Brewing Co Lager Can 375ml,$3.99 each,$52.99 case (30)
Japanese Lager,Bottles 330mL,$22.99 pack (6),$72.99 case (24)
Hop Nation,The Heart Pale Ale 375mL,$18.49 pack (4),$59.99 case (16)
Shepherd Neame,Bishops Finger Ale 500mL,$6.99 each,$47.99 case (8)
Zytho,Brewing Velvet Luxe Stout Can 375mL,,
Free Brewing Co.,Organic Lager Cans 375mL,,
Garage Project,Beer Cans 330mL,$25.49 pack (6),$78.99 case (24)
John Boston,The Surprize Summer Ale 330mL,,
Newstead Brewing Co.,IPA Cans 375mL,$19.95 pack (4),$91.99 case (24)
Brooklyn,Stonewall IPA Can 375mL,$16.99 pack (4),$81.99 case (24)
White Rabbit,Golden Sour 375mL,$13.30 pack (4),$41.30 case (16)
Loud & Proud,One Love Pale Ale Can 375mL,$19.99 pack (6),$79.99 case (24)
Stone & Wood,Green Coast Mid Bottle 330mL,$17.99 pack (6),$53.99 case (24)
Green Beacon,Wayfarer Tropical Pale Ale Cans 375mL,$18.50 pack (4),$59.99 case (16)
XXXX,Dry Cans 15x375mL,$29 each,$67.99 case (2)
Newstead Brewing Co.,Session Ale Cans 375mL,$14.99 pack (4),$69.99 case (24)
Botany Brew,Tropical Ale Guava & Passionfruit Can 375ml,,
Betoota Advocate,Bitter Cans 375mL,$12.20 pack (4),$49 case (24)
4 Pines,Watermelon Pomegranate Sour 375mL,$19.19 pack (4),$83.99 case (24)
Two Birds,Sunset Ale 375mL,$15.99 pack (4),$77.99 case (24)
Green Beacon,Scrimshaw Hazy IPA with Blood Orange 375mL,$23.99 pack (4),$112.99 case (24)
Fortitude Brewing Co.,Pacer 2.8 Pale Ale Cans 375mL,$17.99 pack (6),$57.99 case (24)
Green Beacon,Windjammer 375mL,,
Balter,Lager Cans 375mL,$19.49 pack (4),$54.95 case (16)
Moon Dog,Piney Minogue Pineapple Sour Ale 330mL,$12.60 pack (4),$60.90 case (24)
BentSpoke,Fixie Brewed Ginger Beer Cans 375mL,$19.49 pack (4),$91.99 case (24)
Burleigh,28 Pale Ale Can 375mL,$19.49 pack (4),$59.99 case (16)
Hurricane Head,Brewing Co Lager Bottle 330ml,,
Brewdog,Hazy Jane NEIPA Cans 375mL,$21.99 pack (4),$69.99 case (16)
Mornington Peninsula Brewery,Free Non-Alc Pale Ale Cans 375mL,$14.49 pack (6),$43.99 case (24)
Black Hops,Super Hornet Double IPA 375mL,$26.95 pack (4),$89.99 case (16)
Colonial Brewing Co.,Citrus XPA Can 375mL,$24.29 pack (6),$80.99 case (24)
Pirate Life,Raspberry Sour Ale 355mL,$14.99 pack (4),$48.99 case (16)
Last Man Standing,Australian Lager Can 375mL,$18.99 per pack of 6,$57.99 per case of 24
Young Henry's,B-Side Sun Is Shining Sour Cans 375mL,$24.99 pack (4),$120.99 case (24)
Fixation,Little Ray Hazy IPA Can 375mL,$22.99 pack (4),$64.99 case (16)
Ballistic Beer Co,Low Ha Low Carb Pale Can 375mL,$78.95 case (24),Non-Member: $93.99 case (24)
Green Beacon Brewing Co.,Beacon Great Beer Cans 375mL,$14.99 per pack of 4,$47.99 per case of 16
Botany Brew,Island Ale Lemon & Ginger Can 375ml,$79 per case of 24,Non-Member: $81.99 case (24)
Mountain Goat,Grapefruit XPA Can 375mL,$24.19 pack (6),$72.99 case (24)
Ballistic,Water Me Lawn Watermelon Gose Can 375mL,$21.49 pack (4),$69.99 case (16)
Black Hops,Send It Session Ale Cans 375mL,$16.49 pack (4),$51.99 case (16)
Doss Blockos,D Draft Can 375mL,$14 pack (6),$44.80 case (24)
Two Bays Brewing Co.,Gluten Free Lager Cans 375mL,$25.99 pack (4),$79.99 case (16)
Revel Brewing,IPA Cans 375mL,$24.99 pack (4),$119.99 case (24)
Ballistic Beer Co.,Oaked XPA Can 375mL,$21.99 pack (4),$108.99 case (24)
Panhead,Running On Empty Cans 375mL,$19.49 pack (4),$93.99 case (24)
Moon Dog,Yuzu Rice Lager 330mL,$20.99 pack (4),$93.99 case (24)
Stone & Wood,Session Midstrength Garden Ale Cans 375mL,$17.99 per pack of 4,$54.99 per case of 16
The Hills Cider Company,Imperial Hazy Hops & Apples Can 375mL,$19.99 pack (4),$95.99 case (24)
Newstead Brewing Co.,Coastal Pale Ale Cans 375mL,$17.49 pack (4),$81.99 case (24)
Your Mates Brewing,Sally IPA Can 375mL,$23.99 pack (4),$75.99 case (16)
Maku,Hemp Session Ale Cans 355mL,$14 per pack of 4,$63 per case of 24
Pirate Life Brewing,Dilmah Earl Grey IPA 355mL,$21.19 pack (4),$69.99 case (16)
Brooklyn,Summer Ale 375mL,$17.99 pack (4),$85.99 case (24)
Aether Brewing,"Hop, Skip & Jump IPA Cans 375mL",$21.99 pack (4),$114.99 case (24)
Land & Sea,Kolsch Cans 375mL,$18.99 pack (4),$42.99 case (12)
Stone and Wood,East Point Cans 375mL,$15.69 pack (4),$50.99 case (16)
Black Hops,Afterburner Red IPA Can 375mL,$27.49 pack (4),$88.99 case (16)
Ballistic Beer Co.,Ballistic Pale Ale 375mL,$17.99 pack (4),$86.99 case (24)
Slipstream Brewing Co.,Pale Ale 375mL,$16.99 per pack of 4,$52.99 per case of 16
Eumundi Brewery,Lager Can 375mL,$17.99 pack (4),$56.99 case (16)
All Inn Brewing Co,Mosaic XPA Cans 375mL,$21.99 per pack of 4,$99.99 per case of 24
Revel Brewing Co.,Pale Ale Cans 375mL,$18.49 pack (4),$89.99 case (24)
Brick Lane,Guardian Belgian Tripel Bottle 330mL,$28.99 pack (4),$141.99 case (24)
Aether Brewing,Witching Hour Blackberry Sour Can 375mL,$24.99 pack (4),$119.99 case (24)
Sneaky Bucha of Byron Crisp Lager,and Kombucha 330mL,$21.99 case (6),$82.99 case (24)
Revel Brewing Co.,Summer Ale Can 375mL,$18.99 per pack of 4,$89.99 per case of 24
Aether Brewing,Pit Stop Pale Ale Cans 375mL,$20.99 pack (4),$99.99 case (24)
Young Henrys,Rolling Stone Hazy Pale Can 375mL,$23.99 per pack of 4,$110.99 per case of 24
Newstead,Session Ale Cans 375mL,$21.99 per pack,
Newstead,India Pale Ale Cans 375mL,$29.49 per pack,
Summer Dusk,Amber Lager Bottle 330mL,$22.99 pack (6),$72.99 case (24)
Wilde,Gluten Free Pale Ale Bottles 330mL,$20.99 pack (6),$64.99 case (24)
James Squire,Hop Thief Pale Ale Cans 355mL,$21.99 per pack of 6,$59.99 per case of 24
GABS,Hottest 100 Aussie Craft Beers Mixed 24 Pack,$4.99 per bottle,$100 per case of 24
James Squire,Nine Tales Amber Ale 345mL,$22.99 pack (6),$53.99 case (24)
Ginger &,Ginger Beer Can 355mL,$19.99 pack (4),$71.99 case (16)
Little Creatures,XPA Can 375mL,$18.99 per pack of 4,$58.99 per case of 16
Brooklyn Brewery,Lager Can 375mL,$13.30 pack (4),$41.30 case (16)
John Boston,Crisp Lager Bottle 330mL,,
Stone & Wood,Summer Mixed Can 8 Pack,$39.99 each,$99.99 case (3)
Brooklyn Brewery,Bel Air Sour Key Lime 375mL,$17.99 per pack of 4,$85.99 per case of 24
Dainton Beer,Snowglobe White Christmas Ale 355mL,$22.99 pack (4),$109.99 case (24)
Brick Lane,Morning Star Belgian Dark Ale Bottle 330mL,$28.99 pack (4),$141.99 case (24)
Moon Dog,Splice of Heaven Mango Ice Cream IPA 330mL,$21.99 pack (4),$102.99 case (24)
Brick Lane,Welcome to Hollywood Pisco Sour Can 440mL,$36.99 pack (4),$120.99 case (16)
Burleigh Brewing Co.,Fig Jam IPA Cans 375mL,$21.99 per pack of 4,$68.99 per case of 16
White Rabbit Sour Red,Can 375mL,$16.99 pack (4),$83.99 case (24)
Burleigh,Blonde Bier Garden Lager Cans 375mL,$20.99 pack (4),$66.99 case (16)
Feral Brewing Co,Sly Fox Session Ale 375mL,$24.99,
Brick Lane,Leviathan Cacao Vanilla Imperial Stout Can 500mL,$65.99 pack (4),$216.99 case (16)
Brick Lane,The Abyss Aged on Amburana Imperial Stout 500mL,$65.99 per pack of 4,$216.99 per case of 16
All Inn Brewing Co,Citra Hopped XPA Cans 375mL,$21.99 pack (4),$99.99 case (24)
Newstead,Pale Ale Cans 375mL,$25.99 pack (6),
Mountain Goat,Organic Steam Ale Bottles 330mL,$19.99 pack (6),$61.99 case (24)
Young Henrys,Newtowner Australian Pale Ale Bottle 330mL,$21.49 pack (6),$68.99 case (24)
Philter,XPA Cans 375mL,$24.99 per pack of 6,$75.99 per case of 24
Jetty Road Brewery,Pale Ale Cans 375mL,$23.49 pack (6),$76.99 case (24)
Pirate Life Brewing,IPA Cans 355mL,$19.95 pack (4),$72.99 case (16)
Bridge Road Brewers,Beechworth Pale Ale Bottles 330mL,$23.49 pack (6),$79.99 case (24)
James Squire,The Chancer Golden Ale 345mL,$22.99 pack (6),$59.99 case (24)
Moon Dog,Old Mate Pale Ale 330mL,$20.99 pack (6),$63.99 case (24)
Craft,Collection 6pk,$28.49 per pack,$77.99 case (3)
Stomping Ground,Gipps St Pale Ale Cans 355mL,$23.99 pack (6),$55.99 case (18)
Coopers,Vintage Ale 355mL,$29.99 pack (6),$94.99 case (24)
Sydney Beer Co,Lager Bottles 330mL,$19.99 pack (6),$64.99 case (24)
4 Pines,American Amber Ale Bottles 330mL,$22.49 pack (6),$70.99 case (24)
James Squire,Jack of Spades Porter 345mL,$22.99 pack (6),$53.99 case (24)
Hawke's,Lager Cans 375mL,$19.99 pack (6),$64.99 case (24)
4 Pines,Draught Bottles 330mL,$20.99 pack (6),$71.99 case (24)
Coopers Australian,IPA Can 375mL,$19.99 pack (4),$90.99 case (24)
Coaster Beer,Bright Ale 375mL,$19.99 pack (6),$59.99 case (24)
James Squire,One Fifty Lashes Pale Ale Cans 355mL,$23.19 pack (6),$54.90 case (24)
Rover,Gilbert Rd Lager Can 375mL,$19.99 pack (6),$57.99 case (24)
Moo Brew,Single Hop Can 440mL,$22.49 pack (4),$75.99 case (16)
BentSpoke,Hop Juice Pale Ale Cans 375mL,$19.99 pack (4),$95.99 case (24)
Modus Operandi,Modus Pale Ale Can 375mL,$18.49 pack (4),$61.99 case (16)
Feral Brewing Co.,Shooters Juicy IPA Cans 375mL,$27.99 pack (4),$89.99 case (16)
Black Hops,Caribbean Haze Can 375mL,$27.99 pack (4),$95.99 case (16)
Young Henrys,Motorcycle Oil Porter Can 375mL,$19.99 pack (4),$94.99 case (24)
Little Creatures,Radiator Hot Choc Stout 355mL,$25.99 per pack of 6,$83.99 per case of 24
Moo Brew,Tassie Brew Lager Cans 375mL,$19.99 pack (6),$59.99 case (24)
Modus Operandi,Former Tennant Red IPA Can 375mL,$30.49 pack (4),$101.99 case (16)
Green Beacon Brewing Co,Cafe Creme Brulee Imperial Pastry Stout 375mL,$26.19 per pack of 4,$123.99 per case of 24
Akasha,Hopsmith IPA Can 375mL,$25.49 pack (4),$119.99 case (24)
Cricketers Arms,Pale Ale Bottles 330mL,$16.99 pack (6),$45.99 case (24)
Modus Operandi,Sonic Prayer IPA Can 375mL,$22.49 pack (4),$76.99 case (16)
Capital Brewing,Mountain Culture West Coast NEIPA 375mL,$28.99 pack (4),$149.99 case (24)
Hawkers Beer,Sinister Visions 2021 Imperial Stout Collection Pack,$74.99 per pack,$449 case (6)
Little Creatures,Pale Ale 568mL,$6.59 each,$61.99 case (12)
Zytho,Beer Lovers Collection Gift Pack,$33.49 per pack,$95.99 case (3)
Sneaky Bucha,Summer Beer & Bucha Can 330ml,$17.99 per pack of 4,$69.99 Per case of 24
Karl Strauss,Red Trolley Ale 355mL,,
Bridge Road Brewers,Sour Sensations 4 pack,$20.99 per pack,$109.99 case (6)
Furphy,Refreshing Ale 750mL,$7.99 each,$66.99 case (12)
Pirate Life Brewing,Throwback IPA Cans 355mL,$16.99 pack (4),$57.99 case (16)
Better Beer,Ginger Beer 355mL,$23.99 pack (6),$79.99 case (24)
Feral Brewing Co,Sly Fox Session Ale Cans 375mL,$19.49 pack (4),$61.99 case (16)
Fixation,Fix8ted IPA Mix 8 Pack,$39.99 per pack,$114.99 case (3)
Brick Lane,Baba Yaga Russian Imperial Stout Can 500mL,$65.99 per pack of 4,$216.99 per case of 16
Boatrocker,Miss Pinky Raspberry Berliner Weisse Cans 375mL,$19.99 pack (4),$92.99 case (24)
Brick Lane,Revolver Dark Hoppy Ale Cans 355mL,$20.49 pack (4),$63.99 case (16)
Cronulla Beer Co.,Ultra Haze IPA Can 375mL,$27.29 pack (4),$88.99 case (16)
4 Pines,Indian Summer Ale Bottles 330mL,$20.99 pack (6),$66.99 case (24)
Pirate Life Brewing,Belgian Black IPA Can 355mL,$21.19 pack (4),$71.99 case (16)
All Inn Brewing Co,Legbreaker IPA Can 375mL,$20.99 pack (4),$64.99 case (16)
Hawkers Beer,West Coast IPA Cans 375mL,$21.99 pack (4),$93.99 case (16)
James Squire,Pioneers' Collection English IPA 750mL,$48.99 each,$228.99 case (6)
Moon Dog,All Killer No Filler Hazy Vanilla Can 330mL,$19.99 pack (4),$93.99 case (24)
Vale,New World Lager Cans 375mL,$21.48 per pack of 6,$78.99 per case of 24
Coopers,Best Extra Stout Can 440mL,$18.99 per pack of 4,$79.99 per case of 24
James Squire,The Wreck Survivors Ale 750mL,,$60.99 each
Pirate Life Brewing,Lager Can 355mL,$16.99 pack (4),$51.99 case (16)
Cricketers Arms,Spearhead Pale Ale 330mL,$21.99 pack (6),$61.99 case (24)
BentSpoke,Cluster 8 IIPA Cans 375mL,$27.99 pack (4),$139 case (24)
Feral Brewing Co.,Dark Matter Porter Cans 375mL,$24.99 pack (4),$72.99 case (16)
Moon Dog,Drew Berrymore Summer Berry Sour Can 330mL,$22.99 pack (4),$93.99 case (24)
Mountain Goat,Mandarin Sour Ale Can 375mL,$16.19 pack (4),$78.99 case (24)
Black Hops,Chur Brewing Company Hop Swap Hazy IPA 375mL,$27.49 pack (4),$89.99 case (16)
Balter,Hazy DC Aussie Hopped Hazy IPA 375mL,$25.49 pack (4),$79.99 case (16)
Sick Puppy Brewery,The Retriever Golden Ale 375mL,$22.49 pack (4),$103.99 case (24)
AleSmith Brewing,Company IPA 473mL,$11.99 each,$188.99 case (24)
Philter,Haze IPA Can 375mL,$25.49 pack (4),$119 case (24)
Sick Puppy Brewery,Two Tails American Pale Ale 375mL,$24.49 pack (4),$114.99 case (24)
Bridge Road Brewers,Beechy XPA Cans 355mL,$24.99 pack (6),$79.99 case (24)
Ballistic Beer Co.,IPA Cans 375mL,$21.99 per pack of 4,$105.99 per case of 24
Batch Brewing Co.,What A Melon Summer Ale Cans 375mL,$21.99 pack (4),$95.99 case (24)
Bargara Brewing Co,Ray XPA Bottles 330mL,$21.99 pack (6),$69.99 case (24)
All Inn Brewing Co,Mercenary Pale Ale Can 375mL,$18.99 pack (4),$58.99 case (16)
Philter,Caribbean Stout Cans 375mL,$29.99 pack (4),$99.99 case (16)
Moon Dog,Timothy Tamothy Slam-Othy Chocolate Biscuit Milk Stout Cans 330mL,$21.99 pack (4),$99.99 case (24)
Del Centro,Cerveza Lager Can 355mL,$18.99 pack (6),$57.99 case (24)
Hemingway's Brewery,Tunnel 10 Lager 355mL,$24.99 per pack of 6,$61.99 per case of 18
Moon Dog,Groundhog Haze Hazy IPA Can 330mL,$21.49 pack (4),$100.99 case (24)
Panhead,Rat Rod Can 355mL,$26.99 per pack of 6,$86.99 per case of 24
Bridge Road Brewers,Fruit Salad Sour Cans 355mL,$19.99 pack (4),$94.99 case (24)
Bridge Road Brewers,Magical Easter Unicorn Chocolate Ale Can 355mL,$25.99 pack (4),$125.99 case (24)
White Rabbit,Matador De Toros Red Ale Cans 355mL,$26.99 pack (6),$86.99 case (24)
Bridge Road Brewers,Taste of Summer Pack,$26.99 per pack of 6,
Sauce Brewing Co,Hop Box Gift Pack,$29.99 per pack,$97.99 case (4)
Newstead,Hoptopia Natural Hop IPA 375mL,$21.99 per pack (4),$106.99 per case of 24
Ballistic Beer Co.,Revelation IPA 375mL,$24.49 per pack of 4,$114.99 per case of 24
Deep Creek Brewing Co.,Aloha Guava Passionfruit Sour Cans 440mL,$11.99 each (in-store),$179.99 case (24)
Deep Creek Brewing Co.,Misty Miyagi Hazy IPA Cans 440mL,$10.95 each (in-store),$179.99 case (24)
Nomad Brewing Company,Champers Brut IPA Cans 500mL,$39.99 pack (4),$179.99 case (24)
Deschutes Brewery,Fresh Squeezed IPA Cans 568mL,$10.99 each (in-store),$99.99 case (12)
Deschutes Brewery,Fresh Haze IPA Cans 568mL,$10.99 each (in-store),$99.99 case (12)
Bridge Road Brewers,& Friends Craft Beer Christmas Countdown Advent Calendar,,$89.90 per case of 24
White Rabbit,Teddywidder Tart Weisse Beer Cans 355mL,$26.49 per pack of 6,$81.99 per case of 24
4 Pines,Keller Door Kiwi Brut IPA 500mL,$10.29 per bottle,$102.99 per case of 12
Good George,IPA Squealer Bottles 946mL,$15.99 per bottle,$95.99 per case of 8
Good George,Sparklng Pale Ale Bottles 946mL,$15.99 each,$95.99 case (8)
GABS,2021 Festival Variety Pack,$34.99 each,$138.99 case (4)
Ten Toes Brewery,Pipeline Pale Ale 330mL,$25.49 pack (6),$82.99 case (24)
Cake Hole,Black Forest Stout 330mL,$19.99 pack (4),$94.99 case (24)
White Rabbit,Sour Red Grand Cru Barrel Aged,$29.99 each,$149.99 case (6)
Black Hops,California Love West Coast IPA Can 375mL,$23.99 pack (4),$81.99 case (16)
Tiny Mountain,Pacific Ale Bottle 330ml,$22.99 pack (6),$73.99 case (24)
John Boston,Unexpected Genius 6 Pack Plus Bonus Glass,$27.49 per pack,
4 Pines,Christmas Beer Gift Pack,$30.99 each,$80.99 case (3)
White Rabbit,Sour Red Grand Cru Bottles 750mL 2019,$35.99 each,$162.99 case (6)
Bargara Brewing Co.,Rusty Roo Red Ale Bottles 330mL,$23.99 pack (6),$75.99 case (24)
Moon Dog,Lager 330mL,$18.99 pack (6),$53.99 case (24)
Bluey,Full Strength Lager Can 375mL,,
Mountain Goat,Pale Ale 330mL,$23.39 pack (6),$72.99 case (24)
Stone Metallica,Enter Night Pilsner 473mL,$39.99 pack (6),$142.99 case (24)
Rogue,Chocolate Stout Nitro Cans 404mL,$12.99 each (in-store),$212.99 case (24)
Byron Bay Brewery,Hazy One Lager Cans 355mL,$18.49 per pack of 6,$61.99 per case of 24
Sierra Nevada,Hop Lovers Taster Pack with Limited Edition Spiegelau IPA Glass,$25.99 per pack (3),$129.99 per case of 6
Burleigh Brewing Co.,Fig Jam IPA 330mL,$21.99 pack (4),$72.99 case (16)
Hargreaves Hill,Pale Ale 330mL,$21.99 pack (6),$73.99 case (24)
Bridge Road Brewers,Celtic Red Ale Bottles 330mL,$15.49 pack (4),$80.99 case (24)
Sail & Anchor,Golden Ale 345mL,$13.99 per pack of 4,$54.99 per case of 24
Vale,Amber Lager 330mL,$21.49 pack (6),$70.99 case (24)
Welders Dog,Spelt Sour 355mL,$19.99 per pack of 4,$61.99 per case of 16
Moon Dog,Thunder Lips Yuzu Red IPA Cans 330mL,$19.99 pack (4),$99.99 case (24)
Mountain Goat,Hello Humanoid 640mL,$11.99 per bottle,$129.99 per case of 12
Eumundi Brewery,Pale Ale 375mL,$21.99 pack (6),$66.99 case (24)
Gage Roads,Little Dove New World Pale Ale 330mL,$27.49 pack (6),$81.99 case (24)
Moon Dog,Jean-Strawb Van Damme Strawberry Sour Ale Cans 330mL,$20.99 pack (4),$101.99 case (24)
Murray's,Angry Man Pale Ale 330mL,$24.99 pack (6),$79.99 case (24)
Feral Brewing Co,Imperial Biggie East Coast IPA 375mL,$26.99 per pack (4),$89.99 per case of 16
Nomad Brewing Co.,Powder Day Cherry on Top Double Milk Stout 440mL,$11.99 each,$182.99 case (24)
Karl Strauss,Tower 10 IPA 355mL,$28.49 pack (6),$87.99 case (24)
Pirate Life,Hibiscus and Elderflower Summer Sour 355mL,$17.49 pack (4),$58.99 case (16)
Braeside Brewing Co,Governor Pale Ale Cans 440mL,$24.99 pack (4),$81.99 case (16)
Mountain Goat,Hightail Ale 330mL,$24.99 pack (6),$71.99 case (24)
Sail & Anchor,Pale Ale 345mL,,
Pirate Life Brewing,Single Hop Idaho- 7 Can 355mL,$20.29 pack (4),$70.99 case (16)
Bridge Road Brewers,Nitro Magical Christmas Unicorn Vanilla Ice Cream Beer Cans 355mL,$25.49 pack (4),$122.99 case (24)
Urbanaut,Del Mar Pink Grapefruit Hazy IPA 440mL,$11.99 each,$199.99 case (24)
Sneaky Bucha,XPA & Bucha Can 330mL,$17.99 per pack of 4,$69.99 per case of 24
Pirate Life Brewing,Blueberry Sour Cans 355mL,$16.49 pack (4),$53.99 case (16)
Sneaky Bucha,Lager Beer & Bucha Can 330mL,$17.99 per pack of 4,$69.99 Per case of 24
$69.99 Per case of 24,,,
4 Pines,Indian Summer Ale Cans 375mL,,
Bridge Road Brewers,Chevalier Saison 330mL,$21.99 pack (4),$94.99 case (24)
Hawkers Beer,IPA Can 375mL,$21.99 pack (4),$71.99 case (16)
Saint Archer Brewery,Mixed Ale Variety Pack Cans 355mL,$47.90 per pack of 12,
EUMUNDI BREWERY,Lager Bottle 330mL,$21.99 pack (6),$66.99 case (24)
Matso's,Chilli Beer 330mL,$27.99 pack (6),$82.99 case (24)
Feral Brewing Co,Smoked Porter 330mL,$23.49 pack (6),$76.99 case (24)
Fixation,Obsession Session IPA Bottles 330mL,$20.99 pack (6),$72.99 case (24)
Yeastie Boys,Gunnamatta Earl Grey Tea Leaf IPA Cans 330mL,$20.99 pack (4),$103.99 case (24)
Balter,IIPA Cans 500mL,$31.99 per pack (4),$104.99 per case (16)
Ballast Point,Victory at Sea 355ml,$39.49 pack (4),$129.99 case (24)
Panhead,Tyre Fryer Pale Ale Cans 355mL,$23.99 per pack of 6,$78.99 per case of 24
Blackman's Brewery,Brewery Hoppy Holidays XPA Can 330mL,$20.99 pack (4),$94.99 case (24)
Feral Brewing Co,White Ale 330mL,$23.99 pack (6),$74.99 case (24)
Feral Brewing Co,Boar Gift Pack Cans 330mL,$26.19 per pack of 6,$84.99 per case of 24
Burleigh Brewing Co.,My Wife's Bitter 330mL,$23.79 per pack of 6,$72.99 per case of 24
Pirate Life Brewing,Cashmere IPA Cans 355mL,$20.29 pack (4),$70.99 case (16)
Thunder Road Brewing Co.,Exotica 2 New England India Pale Ale Cans 440mL,$25.99 pack (4),$82.99 case (16)
Moo Brew,Pilsner 330mL,,
Fixation Brewing,Squish Citrus IPA Can 330mL,$21.99 pack (4),$119.99 case (24)
White Rabbit,Sour Red Ale 355mL,$24.99 per pack of 6,$80.99 per case of 24
Knappstein,Reserve Lager 330mL,,
Sail & Anchor,Golden Ale 345mL,$13.99 per pack of 4,$54.99 per case of 24
Hargreaves Hill,Pale Ale 330mL,$21.99 pack (6),$73.99 case (24)
EUMUNDI BREWERY,Lager Bottle 330mL,$21.99 pack (6),$66.99 case (24)
Moon Dog,Splice of Heaven Pine Lime Ice Cream IPA Cans 330mL,$20.99 pack (4),$101.99 case (24)
Little Creatures,Original Pilsner 330mL,$25.49 per pack of 6,$77.99 per case of 24
Little Creatures,XPA 330mL,$25.49 per pack of 6,$79.99 per case of 24
John Boston,The Surprize Summer Ale Cans 10 Pack 375mL,$26.99 per pack of 10,$70.99 case (30)
White Rabbit,Golden Sour Cans 355mL,$24.99 pack (6),$79.99 case (24)
Beemead,Manuka Honey Sparkling Mead 300mL,$16.49 pack (4),$83.99 case (24)
Yenda,Pale Ale 330mL,$21.49 pack (6),$58.99 case (24)
Feral Brewing Co,,,
Hop Hog Pale Ale 330mL,$21.49 pack (4),$59.99 case (16),
Yak Ales,Lazy Yak Australian Pale Ale 345mL,,
Doss Blockos,Pale Lager 330mL,$24.99 pack (6),$77.99 case (24)
Panhead,Lube Nube IPA Cans 355mL,$23.99 pack (4),$78.99 case (24)
Balter,Strong Pale Ale Cans 375mL,$21.49 pack (4),$71.99 case (16)
Cricketers Arms,Pale Ale Cans 10 Pack 375mL,$28.19 per pack of 10,$59.99 case (30)
Goose Island,Halia Belgian Style Wild Ale 765mL,$20.69 per bottle,$101.99 per case of 6
Loafer,Pale Ale 330mL,$24.99 pack (6),$72.99 case (24)
Sail & Anchor,Amber Ale 345mL,$13.99 per pack of 4,$54.99 per case of 24
Feral Brewing Co,Barrel Fermented Hog Oaked American Pale Ale 375mL,$22.99 pack (4),$67.99 case (16)
James Squire,Hop Thief 9 American Pale Ale 345mL,$22.99 pack (6),$56.99 case (24)
Sail & Anchor,Pale Ale 345mL,,
Colossal Brewing,Inner Gravity Passionfruit Sour Beer Can 375mL,$19.99 pack (4),$58.99 case (16)
4 Pines X Golden Road,Dingo Pup Trans-Pacific Pale Ale Bottles 330mL,$20.19 per pack of 4,$90.99 per case of 24
Feral Brewing Co,Smoked Porter Can 375mL,$18.99 pack (4),$63.99 case (16)
Bridge Road Brewers,Harvest Haze Fresh Hop IPA Bottles 330mL,$23.49 per pack of 4,$115.99 per case of 24
Deep Creek Brewing Co.,Dragon Hazy IPA Cans 440mL,$12.49 each,$201.99 case (24)
John Boston,The Point Pale Ale Cans 10 Pack 375mL,$26.99 per pack of 10,$70.99 case (30)
Wicked Elf,Porter 330mL,$22.99 pack (4),$97.99 case (24)
KAIJU!,Main Squeeze Passion Guava Session Ale 375mL,$17.49 per pack of 4,$57.99 per pack of 16
Brooklyn Brewery,The Stonewall Inn IPA Cans 355mL,$23.99 pack (6),$76.99 case (24)
Burleigh Brewing Co.,28 Pale Ale 330mL,$23.99 pack (6),$72.99 case (24)
Brewdog,Punk IPA Cans 330mL,$17.49 per pack of 4,$81.99 per case of 24
Gage Roads,Little Dove New World Pale Ale 330mL,$27.49 pack (6),$81.99 case (24)
Moon Dog,Jean-Strawb Van Damme Strawberry Sour Ale Cans 330mL,$20.99 pack (4),$101.99 case (24)
Murray's,Angry Man Pale Ale 330mL,$24.99 pack (6),$79.99 case (24)
Feral Brewing Co,Imperial Biggie East Coast IPA 375mL,$26.99 per pack (4),$89.99 per case of 16
Nomad Brewing Co.,Powder Day Cherry on Top Double Milk Stout 440mL,$11.99 each,$182.99 case (24)
Karl Strauss,Tower 10 IPA 355mL,$28.49 pack (6),$87.99 case (24)
Coopers,Pacific Pale Ale Bottles 375mL,$23.49 pack (6),$64.99 case (24)
Pirate Life Brewing,Tropical IIPA Cans 355mL,$27.89 pack (4),$86.99 case (16)
Sierra Nevada,Hazy Little Thing IPA 355mL,$29.99 pack (6),$93.99 case (24)
Welders Dog,Spelt Sour 355mL,$19.99 per pack of 4,$61.99 per case of 16
Moon Dog,Thunder Lips Yuzu Red IPA Cans 330mL,$19.99 pack (4),$99.99 case (24)
Bridge Road Brewers,Celtic Red Ale Bottles 330mL,$15.49 pack (4),$80.99 case (24)
Mountain Goat,Hello Humanoid 640mL,$11.99 per bottle,$129.99 per case of 12
Eumundi Brewery,Pale Ale 375mL,$21.99 pack (6),$66.99 case (24)
Bargara Brewing Co.,Thirsty Turtle Bright Lager Bottles 330mL,$21.99 pack (6),$69.99 case (24)
Bridge Road Brewers,Robust Porter Bottles 330mL,$18.99 pack (4),$86.99 case (24)
Vale,Amber Lager 330mL,$21.49 pack (6),$70.99 case (24)
Malt Shovel Brewers,XPA Cans 355mL,$25.49 pack (6),$75.99 case (24)
Stone Metallica,Enter Night Pilsner 473mL,$39.99 pack (6),$142.99 case (24)
Rogue,Chocolate Stout Nitro Cans 404mL,$12.99 each (in-store),$212.99 case (24)
Byron Bay Brewery,Hazy One Lager Cans 355mL,$18.49 per pack of 6,$61.99 per case of 24
Sierra Nevada,Hop Lovers Taster Pack with Limited Edition Spiegelau IPA Glass,$25.99 per pack (3),$129.99 per case of 6
Burleigh Brewing Co.,Fig Jam IPA 330mL,$21.99 pack (4),$72.99 case (16)
Pirate Life Brewing,Mosaic Cans 355mL,,
Moon Dog,Mack Daddy Dark Ale 330ml,$19.99 pack (6),$64.99 case (24)
Deep Creek,Trinity Hazy DIPA Cans 440mL,$11.99 each,$199.99 case (24)
Zytho,Brewing White Stout Can 375ml,$20.49 pack (4),$75.99 case (24)
4 Pines,Keller Door Grapefruit IPL 500mL,,
4 Pines,Keller Door Mango Pineapple NEIPA 500mL,$11.69 each,$95.99 case (12)
Moon Dog,Watermelon Sour Ale Cans 330mL,$20.99 pack (4),$101.99 case (24)
Panhead,Super Charger American Pale Ale Cans 355mL,$26.99 pack (6),$79.99 case (24)
Mountain Goat,P.O.G IPA Cans 375mL,$22.99 pack (4),$110.99 case (24)
White Rabbit,Chocolate Stout Bottle 330mL,$26.49 pack (6),$78.99 case (24)
Bridge Road,B2 Bomber Mach 11.0 Black Belgian Double IPA 750mL,$34.99 per bottle,$153.99 per case of 6
The Good Beer Co,A Good Beer Always Helps Craft Beer Cans 16 Pack,,$62.99 case (16)
Panhead,Quickchange XPA Cans 355mL,$25.99 pack (6),$78.99 case (24)
Master of the Brewniverse,Fruit of the Woods IPA Cans 375mL,$20.99 per pack of 6,$64.99 per case of 24
Little Creatures,India Pale Ale 330mL,$19.49 pack (4),$87.99 case (24)
Ballast Point,Fathom IPA 355mL,$28.49 pack (6),$82.99 case (24)
Feral Brewing Co,White Ale Can 375mL,$18.99 pack (4),$63.99 case (16)
Little Creatures,Stout Bottles 330mL,$25.99 pack (6),$78.99 case (24)
Thunder Road Brewing Co.,Rose Saison Cans 440mL,$25.99 pack (4),$82.99 case (16)
Coopers,Thomas Cooper's Selection Celebration Ale 355mL,$22.79 pack (6),$62.99 case (24)
Panhead,Sucky MonMon Japanese Lager Cans 355mL,$26.49 per pack of 6,$87.99 per case of 24
Thunder Road Brewing Co.,Triple Hop Bomb West Coast IPA Cans 440mL,$25.99 pack (4),$82.99 case (16)
Brooklyn,Defender IPA Cans 355mL,$24.99 per pack of 6,$79.99 per case of 24
Australian Brewery,Pale Ale 375mL,$22.99 pack (6),$72.99 case (24)
4 Pines,Keller Door Nitro Pavlova Ale Bottles 330mL,$20.19 pack (4),$93.99 case (24)
Nomad Brewing Co.,Supersonic Rossa Red Double IPA Cans 500mL,$34.99 pack (4),$169.99 case (24)
Thunder Road Brewing Co.,Dark & Creamy Boysenberry IPA 440mL,$24.99 pack (4),$74.99 case (16)
Moon Dog,Sir Plum McCartney Plum Sour Ale Cans 330mL,$20.99 pack (4),$93.99 case (24)
Pirate Life Brewing,Boysenberry Dark Sour Cans 355mL,$19.99 pack (4),$65.99 case (16)
Offshoot Beer Co.,Relax Hazy IPA Cans 473mL,$38.99 pack (4),$185.99 case (24)
Bridge Road,Hop Rainbow IPA Bottles 330mL,$24.49 per pack of 4,$116.99 per case of 24
Thunder Road Brewing Co.,Exotica New England India Pale Ale 440mL,$24.99 pack (4),$74.99 case (16)
Pirate Life Brewing,North West Pale Cans 355mL,$19.99 pack (4),$65.99 case (16)
Pirate Life Brewing,IIPA Cans 500mL,$41.99 pack (4),$144.99 case (16)
Yeastie Boys,Pot Kettle Black South Pacicic Porter Cans 330mL,$19.99 pack (4),$95.99 case (24)
Mountain Goat,Rare Breed Fox Chaser Farmhouse Red Ale 640mL,$12.19 each,$131.99 case (12)
Goose Island,IPA Bottles 330mL,$25.49 pack (6),$80.99 case (24)
Ballast Point,Point Aloha Sculpin IPA Bottles 355mL,$30.99 pack (6),$102.99 case (24)
Stone Metallic,Stout 473mL,$45.99 pack (6),$155.99 case (24)
Bridge Road Brewers,Chestnut Pilsner 330mL,$24.49 per pack of 6,$92.99 per case of 24
Stone & Wood,Stone Beer Wood Fired Porter Bottles 330mL,$20.99 pack (4),$101.99 case (24)
Mountain Goat,Rare Breed Swamp Thang Dank DIPA 640mL,$13.19 per bottle,$137.99 per case of 12
Vale,Pale Ale 330mL,$22.49 per pack of 6,$71.99 per case of 24
Monteith's,Pointers Pale Ale 330mL,$21.99 pack (6),$65.99 case (24)
Cricketers,Summer Ale 330mL,$22.49 pack (6),$56.99 case (24)
Cricketers,Lager 330mL,$23.09 pack (6),$57.99 case (24)
Hawthorn Brewing Co.,Pale Ale 330mL,$21.49 pack (6),$72.99 case (24)
Little Creatures,IPA Cans 355mL,$27.49 pack (6),$88.99 case (24)