brand,product,small_pack_price_og,small_pack_sales_quantity,case_carton_price_og,case_carton_sales_quantity
Stone & Wood,Pacific Ale Bottles 330mL,$24.49 pack (6),10124,$77.99 case (24),3385
James Squire,One Fifty Lashes Pale Ale Bottles 345mL,$22.99 pack (6),20228,$52.95 case (24),8295
Little Creatures,Pale Ale Bottles 330mL,$21.95 pack (6),19801,$61.95 case (24),11343
Balter,XPA Cans 375mL,$18.99 pack (4),12691,$59.99 case (16),11140
Mountain Goat,Very Enjoyable Beer Cans 375mL,,,,
Furphy,Refreshing Ale Bottles 375mL,$20.99 pack (6),7120,$50.95 case (24),1737
Burleigh,Big Head No Carb Beer 330mL,$21.95 pack (6),20683,$67.99 case (24),10224
Great Northern Brewing Company,Original Lager Cans 30 Block 375mL,$4.29 each,21058,$56.95 case (30),14446
Young Henrys,Newtowner Pale Ale Cans 375mL,$21.45 pack (6),15277,$65.99 case (24),11903
Gage Roads,Single Fin Summer Ale Bottles 330mL,$19.95 pack (6),18817,$59.99 case (24),12461
4 Pines,Pale Ale Bottles 330mL,,,,
Yak Brewing,Fat Yak Original Pale Ale Bottle 345mL,$18.99 pack (6),19262,$51.99 case (24),11810
Balter,Captain Sensible Cans 375mL,$14.95 pack (4),18433,$49.99 case (16),8646
Yak Brewing,Wild Yak Pacific Ale Bottle 6 x 345mL,$18.99 pack (6),14691,$51.99 case (24),4157
Better Beer,Zero Carb Lager Bottle 330ml,$19.99 pack (6),19640,$59.99 case (24),845
BentSpoke Brewing Co.,Crankshaft IPA Cans 375mL,$20.99 pack (4),5471,$92.99 case (24),13297
Stone & Wood,Pacific Ale Cans 375mL,$18.99 pack (4),9963,$60.99 case (16),622
Balter,Hazy IPA Cans 375mL,$21.49 pack (4),16306,$72.99 case (16),5003
4 Pines,Pacific Ale Bottles 330mL,$18.99 pack (6),19789,$54.95 case (24),7879
Pirate Life Brewing,South Coast Pale Ale Cans 355mL,,,,
Mountain Goat,Fancy Pants Amber Ale Cans 375mL,$23.39 per pack of 6,3941,$71.99 per case of 24,13969
Colonial Brewing Co.,USA - AUS Pale Ale Can 375mL,$21.90 pack (6),13100,$73.99 case (24),8664
GABS Australian Invitational Craft Beer,8 Pack,$49.99 each,4798,$149.99 case (3),12259
Coopers,Sparkling Ale 375mL,,,,
White Rabbit,Dark Ale 330mL,$26.49 pack (6),4842,$79.99 case (24),7384
Coopers,XPA Cans 375mL,$23.99 pack (6),2095,$67.99 case (24),4153
Coopers,Pacific Pale Ale 375mL,$21.49 pack (6),11864,$54.99 case (24),2699
Kaiju,Krush Tropical Pale Ale Cans 375mL,$24.99 pack (6),16217,$79.99 case (24),1761
Rover,Henty St Ale Cans 375mL,$19.99 pack (6),12523,$57.99 case (24),771
James Squire,Broken Shackles Lager Bottles 345mL,,,,
Kosciuszko,Pale Ale 330mL,$23.99 pack (6),7093,$64.90 case (24),13565
Brick Lane,One Love Pale Ale 355mL,$22.29 per pack of 6,18479,$66.99 per case of 24,14541
Sail & Anchor,Pale Ale Bottles 330mL,,,,
Mountain Goat,Summer Ale Cans 375mL,$19.99 per pack of 6,7972,$61.99 per case of 24,12474
Young Henrys,Natural Lager Can 375mL,$21.49 pack (6),12367,$64.99 case (24),2798
Matso's,Mango Beer 330mL,$23.99 pack (6),2190,$71.99 case (24),1757
Zytho Brewing,IPA Cans 375mL,,,,
Mountain Goat,Very Enjoyable Beer Bottles 375mL,$17.45 pack (6),14960,$53.99 case (24),12355
Balter,Eazy Hazy Can 375mL,$15.99 pack (4),21578,$51.99 case (16),6942
Zytho Brewing,Tropical Haze Cans 375mL,$24 per pack of 6,4973,,
Gage Roads,Side Track All Day XPA Can 330mL,$19.99 pack (6),18527,$59.99 case (24),4523
O'Brien,Gluten Free Premium Lager 330mL,$21.95 pack (6),14012,$76.99 case (24),13873
Colonial Brewing Co.,Southwest Sour Cans 375mL,$25.99 pack (6),3422,$83.99 case (24),7746
Zytho Brewing,Zesty Pale Ale Cans 375mL,,,,
Black Hops,GOAT Hazy IPA Cans 375mL,$21.95 pack (4),18586,$74.99 case (16),9310
White Rabbit,White Ale 330mL,$26.49 pack (6),21572,$79.99 case (24),14733
ColossalBrewing,Hopmosphere West Coast IPA Can 375mL,,,,
Feral Brewing Co,War Hog IPA Cans 375mL,$16.80 pack (4),210,$52.50 case (16),4866
Balter,IPA Cans 375mL,$21 per pack of 4,17436,Non-Member: $23.99 pack (4),14549
Stone & Wood,Cloud Catcher Australian Pale Ale Bottles 330mL,$22.99 pack (6),19821,$74.99 case (24),13430
Stone & Wood,Green Coast Lager Bottles 330mL,$19.99 pack (6),14600,$63.99 case (24),2530
Gage Roads,Sleeping Giant IPA Bottles 330mL,$16.10 pack (6),10628,$48.30 case (24),4761
Your Mates Brewing,Larry Pale Ale 375mL,$18.90 pack (4),14128,$62.99 case (16),8194
Garage Project,Golden Path Juicy Hazy IPA Can 330mL,$24.90 per pack of 6,18001,$77.99 per case of 24,10691
James Squire,The Swindler Tropical Pale Ale 345mL,$21.99 pack (6),10941,$56.99 case (24),13055
Ballistic Beer Co.,Hawaiian Haze Pale Ale Cans 375mL,$15.95 per pack of 4,18001,$59.99 per case of 16,1370
Feral Brewing Co,Biggie Juice East Coast IPA 375mL,$22.99 pack (4),12452,$68.99 case (16),2553
Colonial Brewing Co.,IPA Can 375mL,$26.49 pack (6),613,$86.99 case (24),2576
Two Bays Brewing Co.,Gluten Free Pale Ale 375mL,$24.99 pack (4),13791,$78.99 case (16),9186
O'Brien,Gluten Free Pale Ale 330mL,$23.49 pack (6),9290,$76.99 case (24),8526
Moon Dog,Lager Can 330mL,$19.29 pack (6),21222,$55.99 case (24),3370
Moon Dog,Old Mate Pale Ale Can 330mL,$20.99 pack (6),5407,$61.99 case (24),10638
4 Pines,Freshy Extra Refreshing Ale Bottles 330mL,$17 pack (6),7715,$54.90 case (24),14019
John Boston,Pale Ale Bottles 330mL,,11534,,
Pirate Life Brewing,Pale Ale Cans 355mL,$13.30 pack (4),17859,$43.40 case (16),9122
Young Henrys,Stayer Mid Can 375mL,$20.99 pack (6),4908,$63.99 case (24),12380
Burleigh,Twisted Palm Tropic Pale Ale Bottles 330mL,$22.49 pack (6),3402,$66.99 case (24),7245
Little Creatures,Hazy IPA 375mL,,,,
Initial,Brewing Craft XPA Can 375mL,,,,
Pirate Life Brewing,Acai & Passionfruit Sour Cans 355mL,$16.09 pack (4),12098,$52.99 case (16),13974
Black Hops,Pale Ale Cans 375mL,$15.95 pack (4),20379,$55.99 case (16),12976
Brick Lane,Sidewinder Hazy Pale Low Alc 355mL,$15.99 pack (4),12249,$51.99 case (16),547
Gage Roads,Pipe Dreams Coastal Lager Bottles 330mL,$19.99 pack (6),6368,$59.99 case (24),12047
Little Creatures,Pacific Ale Can 375mL,$51 per case of 16,5269,Non-Member: $52.90 case (16),12521
Dainton Beer,Blood Orange Rye NEIPA Cans 355mL,$22.99 pack (4),20686,$107.99 case (24),1833
John Boston,,,,,
Zytho Brewing,Hemp IPA Can 375mL,$17.50 per pack of 4,6438,Non-Member: $18.99 pack (4),8921
Black Hops,Hornet IPA Cans 375mL,$19.95 pack (4),21005,$68.99 case (16),9562
Moo Brew,Pale Ale Can 375mL,$22.50 pack (6),22097,$72 case (24),7781
Moon Dog,Beer Can 330mL,$18.99 pack (6),6003,$58.99 case (24),11056
Hughie,Pale Lager Can 375mL,$50 per case of 24,11304,Non-Member: $51.99 case (24),6870
Feral Brewing Co,Hop Hog Pale Ale Cans 375mL,$13.30 pack (4),13633,$42.70 case (16),13183
James Squire,Broken Shackles Lager 375mL,$35 per pack of 15,2641,$68.99 per case of 30,814
Atomic Beer Project,IPA Cans 330mL,$16.10 pack (6),18474,$48.30 case (24),1777
Atomic,Pale Ale Cans 330mL,$19.95 pack (6),5954,$59.99 case (24),9483
Fixation Brewing,Obsession Session IPA Can 375mL,$20.99 pack (6),19497,$71.99 case (24),4491
Stomping Ground,Passionfruit Smash Sour Beer Cans 355mL,$16.99 pack (4),4085,$79.99 case (16),1120
Mismatch Brewing Co.,Lager Can 375mL,$13.30 pack (6),10127,$42 case (24),1775
Brick Lane,Draught Cans 375mL,$20.29 pack (6),13223,$58.99 case (24),6820
Sierra Nevada,Pale Ale Draught Style Can 355mL,$19.19 pack (4),21133,$91.99 case (24),2846
Coopers,Sparkling Ale 750mL,$8.29 each,17303,$68.99 case (12),7620
4 Pines,Nitro Stout Bottles 330mL,$19.99 pack (6),21281,$71.99 case (24),10683
Black Hops,East Coast Haze Hazy Pale Ale Can 375mL,$16.99 pack (4),19668,$55.99 case (16),11377
Panhead,Quickchange XPA 375mL,$18.99 per pack of 4,5533,$60.99 per case of 16,12487
John Boston,IPA Can 330mL,,,,
Two Birds,Summer Ale 375mL,$22.99 pack (6),11468,$77.99 case (24),14410
Colonial Brewing Co.,Watermelon Raspberry Sour Can 375mL,$26.99 per pack of 6,9017,$87.99 per case of 24,4905
Culture House,Raspberry Berliner Weisse Beer Cans 375mL,,,,
Initial Brewing,IPA Can 375mL,,,,
Pirate Life,Point Nine Cans 355mL,,,,
Sierra Nevada,Wild Little Thing Slightly Sour Ale Can 355mL,$21.20 pack (6),18915,$70.70 pack (24),13739
Brooklyn Brewery,Bel Air Sour Ale 375mL,$18.99 pack (4),17673,$58.99 case (16),13902
Young Henrys,IPA Can 375mL,$24.99 pack (6),2690,$81.99 case (24),7850
Voodoo Ranger,IPA Can 355mL,,,,
Bridge Road Brewers,Beechworth Pale Ale Cans 355mL,$17.99 pack (4),17053,$59.99 case (16),7327
Colossal Brewing,Mind Harvest East Coast IPA Can 375mL,,,,
Green Beacon,7 Bells Passion Fruit Sour 375mL,$16.99 pack (4),15551,$59.99 case (16),11766
Hop Nation,J Juice NEIPA Cans 375mL,$27.99 pack (4),8129,$88.99 case (16),13131
Little Dragon,Alcoholic Ginger Beer Can 330mL,$23.99 pack (6),17853,$88.99 case (24),10035
Green Beacon Brewing Co,3 Bolt Pale Ale Cans 375mL,,,,
John Boston,XPA Can 330mL,,,,
Boatrocker,Stout Cans 375mL,$20.99 pack (4),7023,$102.99 case (24),1710
Sail & Anchor,Golden Ale Bottles 330mL,,,,
Crony,Refreshing Pale Ale Can 375mL,,,,
Newstead Brewing Co.,Pale Ale Cans 375mL,$12.60 pack (4),19366,$56 case (24),2796
Hurricane Head,Brewing Co Lager Can 375ml,$3.99 each,11899,$52.99 case (30),3487
Japanese Lager,Bottles 330mL,$22.99 pack (6),15939,$72.99 case (24),7091
Hop Nation,The Heart Pale Ale 375mL,$18.49 pack (4),17984,$59.99 case (16),12249
Shepherd Neame,Bishops Finger Ale 500mL,$6.99 each,9706,$47.99 case (8),10378
Zytho,Brewing Velvet Luxe Stout Can 375mL,,,,
Free Brewing Co.,Organic Lager Cans 375mL,,,,
Garage Project,Beer Cans 330mL,$25.49 pack (6),8221,$78.99 case (24),708
John Boston,The Surprize Summer Ale 330mL,,,,
Newstead Brewing Co.,IPA Cans 375mL,$19.95 pack (4),19721,$91.99 case (24),9726
Brooklyn,Stonewall IPA Can 375mL,$16.99 pack (4),18825,$81.99 case (24),623
White Rabbit,Golden Sour 375mL,$13.30 pack (4),15886,$41.30 case (16),6214
Loud & Proud,One Love Pale Ale Can 375mL,$19.99 pack (6),3321,$79.99 case (24),6676
Stone & Wood,Green Coast Mid Bottle 330mL,$17.99 pack (6),16036,$53.99 case (24),14799
Green Beacon,Wayfarer Tropical Pale Ale Cans 375mL,$18.50 pack (4),6227,$59.99 case (16),12174
XXXX,Dry Cans 15x375mL,$29 each,655,$67.99 case (2),484
Newstead Brewing Co.,Session Ale Cans 375mL,$14.99 pack (4),14583,$69.99 case (24),5526
Botany Brew,Tropical Ale Guava & Passionfruit Can 375ml,,,,
Betoota Advocate,Bitter Cans 375mL,$12.20 pack (4),6165,$49 case (24),14180
4 Pines,Watermelon Pomegranate Sour 375mL,$19.19 pack (4),12481,$83.99 case (24),3549
Two Birds,Sunset Ale 375mL,$15.99 pack (4),14781,$77.99 case (24),5766
Green Beacon,Scrimshaw Hazy IPA with Blood Orange 375mL,$23.99 pack (4),22137,$112.99 case (24),8947
Fortitude Brewing Co.,Pacer 2.8 Pale Ale Cans 375mL,$17.99 pack (6),282,$57.99 case (24),67
Green Beacon,Windjammer 375mL,,,,
Balter,Lager Cans 375mL,$19.49 pack (4),5092,$54.95 case (16),13225
Moon Dog,Piney Minogue Pineapple Sour Ale 330mL,$12.60 pack (4),3139,$60.90 case (24),5961
BentSpoke,Fixie Brewed Ginger Beer Cans 375mL,$19.49 pack (4),10818,$91.99 case (24),3861
Burleigh,28 Pale Ale Can 375mL,$19.49 pack (4),16340,$59.99 case (16),14294
Hurricane Head,Brewing Co Lager Bottle 330ml,,,,
Brewdog,Hazy Jane NEIPA Cans 375mL,$21.99 pack (4),19833,$69.99 case (16),6322
Mornington Peninsula Brewery,Free Non-Alc Pale Ale Cans 375mL,$14.49 pack (6),17936,$43.99 case (24),5410
Black Hops,Super Hornet Double IPA 375mL,$26.95 pack (4),13832,$89.99 case (16),7501
Colonial Brewing Co.,Citrus XPA Can 375mL,$24.29 pack (6),8791,$80.99 case (24),2384
Pirate Life,Raspberry Sour Ale 355mL,$14.99 pack (4),7810,$48.99 case (16),14993
Last Man Standing,Australian Lager Can 375mL,$18.99 per pack of 6,13827,$57.99 per case of 24,2784
Young Henry's,B-Side Sun Is Shining Sour Cans 375mL,$24.99 pack (4),6935,$120.99 case (24),12029
Fixation,Little Ray Hazy IPA Can 375mL,$22.99 pack (4),10552,$64.99 case (16),6714
Ballistic Beer Co,Low Ha Low Carb Pale Can 375mL,$78.95 case (24),12936,Non-Member: $93.99 case (24),9730
Green Beacon Brewing Co.,Beacon Great Beer Cans 375mL,$14.99 per pack of 4,21779,$47.99 per case of 16,514
Botany Brew,Island Ale Lemon & Ginger Can 375ml,$79 per case of 24,514,Non-Member: $81.99 case (24),5796
Mountain Goat,Grapefruit XPA Can 375mL,$24.19 pack (6),4014,$72.99 case (24),12254
Ballistic,Water Me Lawn Watermelon Gose Can 375mL,$21.49 pack (4),13139,$69.99 case (16),10678
Black Hops,Send It Session Ale Cans 375mL,$16.49 pack (4),197,$51.99 case (16),1385
Doss Blockos,D Draft Can 375mL,$14 pack (6),13701,$44.80 case (24),8885
Two Bays Brewing Co.,Gluten Free Lager Cans 375mL,$25.99 pack (4),13274,$79.99 case (16),6183
Revel Brewing,IPA Cans 375mL,$24.99 pack (4),18812,$119.99 case (24),6851
Ballistic Beer Co.,Oaked XPA Can 375mL,$21.99 pack (4),281,$108.99 case (24),964
Panhead,Running On Empty Cans 375mL,$19.49 pack (4),2828,$93.99 case (24),12213
Moon Dog,Yuzu Rice Lager 330mL,$20.99 pack (4),5041,$93.99 case (24),10849
Stone & Wood,Session Midstrength Garden Ale Cans 375mL,$17.99 per pack of 4,4477,$54.99 per case of 16,4657
The Hills Cider Company,Imperial Hazy Hops & Apples Can 375mL,$19.99 pack (4),802,$95.99 case (24),6929
Newstead Brewing Co.,Coastal Pale Ale Cans 375mL,$17.49 pack (4),2610,$81.99 case (24),607
Your Mates Brewing,Sally IPA Can 375mL,$23.99 pack (4),17437,$75.99 case (16),9362
Maku,Hemp Session Ale Cans 355mL,$14 per pack of 4,19090,$63 per case of 24,7286
Pirate Life Brewing,Dilmah Earl Grey IPA 355mL,$21.19 pack (4),7144,$69.99 case (16),549
Brooklyn,Summer Ale 375mL,$17.99 pack (4),9449,$85.99 case (24),11840
Aether Brewing,"Hop, Skip & Jump IPA Cans 375mL",$21.99 pack (4),10098,$114.99 case (24),8162
Land & Sea,Kolsch Cans 375mL,$18.99 pack (4),9676,$42.99 case (12),9203
Stone and Wood,East Point Cans 375mL,$15.69 pack (4),16953,$50.99 case (16),2138
Black Hops,Afterburner Red IPA Can 375mL,$27.49 pack (4),7737,$88.99 case (16),2705
Ballistic Beer Co.,Ballistic Pale Ale 375mL,$17.99 pack (4),13472,$86.99 case (24),11113
Slipstream Brewing Co.,Pale Ale 375mL,$16.99 per pack of 4,6687,$52.99 per case of 16,8665
Eumundi Brewery,Lager Can 375mL,$17.99 pack (4),5899,$56.99 case (16),5129
All Inn Brewing Co,Mosaic XPA Cans 375mL,$21.99 per pack of 4,19551,$99.99 per case of 24,4162
Revel Brewing Co.,Pale Ale Cans 375mL,$18.49 pack (4),19447,$89.99 case (24),9188
Brick Lane,Guardian Belgian Tripel Bottle 330mL,$28.99 pack (4),13974,$141.99 case (24),5260
Aether Brewing,Witching Hour Blackberry Sour Can 375mL,$24.99 pack (4),755,$119.99 case (24),4271
Sneaky Bucha of Byron Crisp Lager,and Kombucha 330mL,$21.99 case (6),15644,$82.99 case (24),13903
Revel Brewing Co.,Summer Ale Can 375mL,$18.99 per pack of 4,1822,$89.99 per case of 24,11679
Aether Brewing,Pit Stop Pale Ale Cans 375mL,$20.99 pack (4),16960,$99.99 case (24),3915
Young Henrys,Rolling Stone Hazy Pale Can 375mL,$23.99 per pack of 4,4853,$110.99 per case of 24,14618
Newstead,Session Ale Cans 375mL,$21.99 per pack,5604,,
Newstead,India Pale Ale Cans 375mL,$29.49 per pack,20154,,
Summer Dusk,Amber Lager Bottle 330mL,$22.99 pack (6),17736,$72.99 case (24),11280
Wilde,Gluten Free Pale Ale Bottles 330mL,$20.99 pack (6),22130,$64.99 case (24),3502
James Squire,Hop Thief Pale Ale Cans 355mL,$21.99 per pack of 6,6724,$59.99 per case of 24,11835
GABS,Hottest 100 Aussie Craft Beers Mixed 24 Pack,$4.99 per bottle,9445,$100 per case of 24,12893
James Squire,Nine Tales Amber Ale 345mL,$22.99 pack (6),12234,$53.99 case (24),1003
Ginger &,Ginger Beer Can 355mL,$19.99 pack (4),3163,$71.99 case (16),2942
Little Creatures,XPA Can 375mL,$18.99 per pack of 4,5866,$58.99 per case of 16,10277
Brooklyn Brewery,Lager Can 375mL,$13.30 pack (4),11975,$41.30 case (16),11548
John Boston,Crisp Lager Bottle 330mL,,,,
Stone & Wood,Summer Mixed Can 8 Pack,$39.99 each,1217,$99.99 case (3),5405
Brooklyn Brewery,Bel Air Sour Key Lime 375mL,$17.99 per pack of 4,9778,$85.99 per case of 24,9842
Dainton Beer,Snowglobe White Christmas Ale 355mL,$22.99 pack (4),20463,$109.99 case (24),12514
Brick Lane,Morning Star Belgian Dark Ale Bottle 330mL,$28.99 pack (4),14636,$141.99 case (24),4390
Moon Dog,Splice of Heaven Mango Ice Cream IPA 330mL,$21.99 pack (4),14908,$102.99 case (24),7061
Brick Lane,Welcome to Hollywood Pisco Sour Can 440mL,$36.99 pack (4),16879,$120.99 case (16),3778
Burleigh Brewing Co.,Fig Jam IPA Cans 375mL,$21.99 per pack of 4,17104,$68.99 per case of 16,4941
White Rabbit Sour Red,Can 375mL,$16.99 pack (4),5262,$83.99 case (24),10288
Burleigh,Blonde Bier Garden Lager Cans 375mL,$20.99 pack (4),8050,$66.99 case (16),14332
Feral Brewing Co,Sly Fox Session Ale 375mL,$24.99,20848,,
Brick Lane,Leviathan Cacao Vanilla Imperial Stout Can 500mL,$65.99 pack (4),1506,$216.99 case (16),11276
Brick Lane,The Abyss Aged on Amburana Imperial Stout 500mL,$65.99 per pack of 4,1458,$216.99 per case of 16,184
All Inn Brewing Co,Citra Hopped XPA Cans 375mL,$21.99 pack (4),20084,$99.99 case (24),3042
Newstead,Pale Ale Cans 375mL,$25.99 pack (6),1200,,
Mountain Goat,Organic Steam Ale Bottles 330mL,$19.99 pack (6),12332,$61.99 case (24),11277
Young Henrys,Newtowner Australian Pale Ale Bottle 330mL,$21.49 pack (6),9043,$68.99 case (24),4855
Philter,XPA Cans 375mL,$24.99 per pack of 6,7936,$75.99 per case of 24,7987
Jetty Road Brewery,Pale Ale Cans 375mL,$23.49 pack (6),4312,$76.99 case (24),6654
Pirate Life Brewing,IPA Cans 355mL,$19.95 pack (4),968,$72.99 case (16),14500
Bridge Road Brewers,Beechworth Pale Ale Bottles 330mL,$23.49 pack (6),3117,$79.99 case (24),5397
James Squire,The Chancer Golden Ale 345mL,$22.99 pack (6),8329,$59.99 case (24),5610
Moon Dog,Old Mate Pale Ale 330mL,$20.99 pack (6),15680,$63.99 case (24),4563
Craft,Collection 6pk,$28.49 per pack,482,$77.99 case (3),7350
Stomping Ground,Gipps St Pale Ale Cans 355mL,$23.99 pack (6),7818,$55.99 case (18),6999
Coopers,Vintage Ale 355mL,$29.99 pack (6),19802,$94.99 case (24),4317
Sydney Beer Co,Lager Bottles 330mL,$19.99 pack (6),19892,$64.99 case (24),4277
4 Pines,American Amber Ale Bottles 330mL,$22.49 pack (6),5737,$70.99 case (24),5864
James Squire,Jack of Spades Porter 345mL,$22.99 pack (6),17718,$53.99 case (24),6707
Hawke's,Lager Cans 375mL,$19.99 pack (6),11258,$64.99 case (24),3757
4 Pines,Draught Bottles 330mL,$20.99 pack (6),15683,$71.99 case (24),12026
Coopers Australian,IPA Can 375mL,$19.99 pack (4),19493,$90.99 case (24),11398
Coaster Beer,Bright Ale 375mL,$19.99 pack (6),6150,$59.99 case (24),9519
James Squire,One Fifty Lashes Pale Ale Cans 355mL,$23.19 pack (6),16176,$54.90 case (24),8520
Rover,Gilbert Rd Lager Can 375mL,$19.99 pack (6),6010,$57.99 case (24),4747
Moo Brew,Single Hop Can 440mL,$22.49 pack (4),8422,$75.99 case (16),5483
BentSpoke,Hop Juice Pale Ale Cans 375mL,$19.99 pack (4),2509,$95.99 case (24),6833
Modus Operandi,Modus Pale Ale Can 375mL,$18.49 pack (4),13411,$61.99 case (16),2242
Feral Brewing Co.,Shooters Juicy IPA Cans 375mL,$27.99 pack (4),8759,$89.99 case (16),13615
Black Hops,Caribbean Haze Can 375mL,$27.99 pack (4),1577,$95.99 case (16),11754
Young Henrys,Motorcycle Oil Porter Can 375mL,$19.99 pack (4),7969,$94.99 case (24),6141
Little Creatures,Radiator Hot Choc Stout 355mL,$25.99 per pack of 6,3693,$83.99 per case of 24,5575
Moo Brew,Tassie Brew Lager Cans 375mL,$19.99 pack (6),21350,$59.99 case (24),140
Modus Operandi,Former Tennant Red IPA Can 375mL,$30.49 pack (4),9710,$101.99 case (16),7210
Green Beacon Brewing Co,Cafe Creme Brulee Imperial Pastry Stout 375mL,$26.19 per pack of 4,864,$123.99 per case of 24,11405
Akasha,Hopsmith IPA Can 375mL,$25.49 pack (4),12282,$119.99 case (24),6507
Cricketers Arms,Pale Ale Bottles 330mL,$16.99 pack (6),21660,$45.99 case (24),5147
Modus Operandi,Sonic Prayer IPA Can 375mL,$22.49 pack (4),454,$76.99 case (16),9355
Capital Brewing,Mountain Culture West Coast NEIPA 375mL,$28.99 pack (4),16286,$149.99 case (24),1501
Hawkers Beer,Sinister Visions 2021 Imperial Stout Collection Pack,$74.99 per pack,13767,$449 case (6),8009
Little Creatures,Pale Ale 568mL,$6.59 each,10033,$61.99 case (12),12007
Zytho,Beer Lovers Collection Gift Pack,$33.49 per pack,11231,$95.99 case (3),4735
Sneaky Bucha,Summer Beer & Bucha Can 330ml,$17.99 per pack of 4,1740,$69.99 Per case of 24,8907
Karl Strauss,Red Trolley Ale 355mL,,,,11248
Bridge Road Brewers,Sour Sensations 4 pack,$20.99 per pack,12263,$109.99 case (6),12901
Furphy,Refreshing Ale 750mL,$7.99 each,16935,$66.99 case (12),4485
Pirate Life Brewing,Throwback IPA Cans 355mL,$16.99 pack (4),10839,$57.99 case (16),2924
Better Beer,Ginger Beer 355mL,$23.99 pack (6),19026,$79.99 case (24),342
Feral Brewing Co,Sly Fox Session Ale Cans 375mL,$19.49 pack (4),5895,$61.99 case (16),5975
Fixation,Fix8ted IPA Mix 8 Pack,$39.99 per pack,15066,$114.99 case (3),2194
Brick Lane,Baba Yaga Russian Imperial Stout Can 500mL,$65.99 per pack of 4,19541,$216.99 per case of 16,4018
Boatrocker,Miss Pinky Raspberry Berliner Weisse Cans 375mL,$19.99 pack (4),11672,$92.99 case (24),3193
Brick Lane,Revolver Dark Hoppy Ale Cans 355mL,$20.49 pack (4),8295,$63.99 case (16),3095
Cronulla Beer Co.,Ultra Haze IPA Can 375mL,$27.29 pack (4),18696,$88.99 case (16),5760
4 Pines,Indian Summer Ale Bottles 330mL,$20.99 pack (6),974,$66.99 case (24),2079
Pirate Life Brewing,Belgian Black IPA Can 355mL,$21.19 pack (4),4797,$71.99 case (16),12384
All Inn Brewing Co,Legbreaker IPA Can 375mL,$20.99 pack (4),10510,$64.99 case (16),4524
Hawkers Beer,West Coast IPA Cans 375mL,$21.99 pack (4),21070,$93.99 case (16),246
James Squire,Pioneers' Collection English IPA 750mL,$48.99 each,21705,$228.99 case (6),12060
Moon Dog,All Killer No Filler Hazy Vanilla Can 330mL,$19.99 pack (4),14445,$93.99 case (24),8982
Vale,New World Lager Cans 375mL,$21.48 per pack of 6,1235,$78.99 per case of 24,2441
Coopers,Best Extra Stout Can 440mL,$18.99 per pack of 4,3510,$79.99 per case of 24,6183
James Squire,The Wreck Survivors Ale 750mL,,,$60.99 each,9737
Pirate Life Brewing,Lager Can 355mL,$16.99 pack (4),11534,$51.99 case (16),12519
Cricketers Arms,Spearhead Pale Ale 330mL,$21.99 pack (6),2208,$61.99 case (24),5274
BentSpoke,Cluster 8 IIPA Cans 375mL,$27.99 pack (4),11251,$139 case (24),9159
Feral Brewing Co.,Dark Matter Porter Cans 375mL,$24.99 pack (4),4699,$72.99 case (16),4780
Moon Dog,Drew Berrymore Summer Berry Sour Can 330mL,$22.99 pack (4),10565,$93.99 case (24),978
Mountain Goat,Mandarin Sour Ale Can 375mL,$16.19 pack (4),21173,$78.99 case (24),9016
Black Hops,Chur Brewing Company Hop Swap Hazy IPA 375mL,$27.49 pack (4),8795,$89.99 case (16),9639
Balter,Hazy DC Aussie Hopped Hazy IPA 375mL,$25.49 pack (4),8684,$79.99 case (16),939
Sick Puppy Brewery,The Retriever Golden Ale 375mL,$22.49 pack (4),14178,$103.99 case (24),4868
AleSmith Brewing,Company IPA 473mL,$11.99 each,20376,$188.99 case (24),4888
Philter,Haze IPA Can 375mL,$25.49 pack (4),20628,$119 case (24),9393
Sick Puppy Brewery,Two Tails American Pale Ale 375mL,$24.49 pack (4),6140,$114.99 case (24),11144
Bridge Road Brewers,Beechy XPA Cans 355mL,$24.99 pack (6),3150,$79.99 case (24),1834
Ballistic Beer Co.,IPA Cans 375mL,$21.99 per pack of 4,21592,$105.99 per case of 24,10428
Batch Brewing Co.,What A Melon Summer Ale Cans 375mL,$21.99 pack (4),13219,$95.99 case (24),237
Bargara Brewing Co,Ray XPA Bottles 330mL,$21.99 pack (6),10368,$69.99 case (24),6082
All Inn Brewing Co,Mercenary Pale Ale Can 375mL,$18.99 pack (4),19964,$58.99 case (16),13956
Philter,Caribbean Stout Cans 375mL,$29.99 pack (4),4817,$99.99 case (16),13024
Moon Dog,Timothy Tamothy Slam-Othy Chocolate Biscuit Milk Stout Cans 330mL,$21.99 pack (4),16036,$99.99 case (24),8585
Del Centro,Cerveza Lager Can 355mL,$18.99 pack (6),8661,$57.99 case (24),11368
Hemingway's Brewery,Tunnel 10 Lager 355mL,$24.99 per pack of 6,4057,$61.99 per case of 18,13403
Moon Dog,Groundhog Haze Hazy IPA Can 330mL,$21.49 pack (4),20660,$100.99 case (24),10548
Panhead,Rat Rod Can 355mL,$26.99 per pack of 6,18982,$86.99 per case of 24,5274
Bridge Road Brewers,Fruit Salad Sour Cans 355mL,$19.99 pack (4),1738,$94.99 case (24),2986
Bridge Road Brewers,Magical Easter Unicorn Chocolate Ale Can 355mL,$25.99 pack (4),16859,$125.99 case (24),3748
White Rabbit,Matador De Toros Red Ale Cans 355mL,$26.99 pack (6),15899,$86.99 case (24),4444
Bridge Road Brewers,Taste of Summer Pack,$26.99 per pack of 6,13969,,3086
Sauce Brewing Co,Hop Box Gift Pack,$29.99 per pack,7146,$97.99 case (4),120
Newstead,Hoptopia Natural Hop IPA 375mL,$21.99 per pack (4),8490,$106.99 per case of 24,13455
Ballistic Beer Co.,Revelation IPA 375mL,$24.49 per pack of 4,8424,$114.99 per case of 24,14787
Deep Creek Brewing Co.,Aloha Guava Passionfruit Sour Cans 440mL,$11.99 each (in-store),1659,$179.99 case (24),1930
Deep Creek Brewing Co.,Misty Miyagi Hazy IPA Cans 440mL,$10.95 each (in-store),20513,$179.99 case (24),2741
Nomad Brewing Company,Champers Brut IPA Cans 500mL,$39.99 pack (4),18902,$179.99 case (24),6363
Deschutes Brewery,Fresh Squeezed IPA Cans 568mL,$10.99 each (in-store),6271,$99.99 case (12),790
Deschutes Brewery,Fresh Haze IPA Cans 568mL,$10.99 each (in-store),2144,$99.99 case (12),437
Bridge Road Brewers,& Friends Craft Beer Christmas Countdown Advent Calendar,,19418,$89.90 per case of 24,14399
White Rabbit,Teddywidder Tart Weisse Beer Cans 355mL,$26.49 per pack of 6,6677,$81.99 per case of 24,12774
4 Pines,Keller Door Kiwi Brut IPA 500mL,$10.29 per bottle,5901,$102.99 per case of 12,2531
Good George,IPA Squealer Bottles 946mL,$15.99 per bottle,4752,$95.99 per case of 8,5697
Good George,Sparklng Pale Ale Bottles 946mL,$15.99 each,3099,$95.99 case (8),6875
GABS,2021 Festival Variety Pack,$34.99 each,18955,$138.99 case (4),5522
Ten Toes Brewery,Pipeline Pale Ale 330mL,$25.49 pack (6),19525,$82.99 case (24),12916
Cake Hole,Black Forest Stout 330mL,$19.99 pack (4),11307,$94.99 case (24),8309
White Rabbit,Sour Red Grand Cru Barrel Aged,$29.99 each,9218,$149.99 case (6),223
Black Hops,California Love West Coast IPA Can 375mL,$23.99 pack (4),6400,$81.99 case (16),4170
Tiny Mountain,Pacific Ale Bottle 330ml,$22.99 pack (6),12917,$73.99 case (24),8967
John Boston,Unexpected Genius 6 Pack Plus Bonus Glass,$27.49 per pack,2987,,
4 Pines,Christmas Beer Gift Pack,$30.99 each,14209,$80.99 case (3),4094
White Rabbit,Sour Red Grand Cru Bottles 750mL 2019,$35.99 each,19981,$162.99 case (6),4815
Bargara Brewing Co.,Rusty Roo Red Ale Bottles 330mL,$23.99 pack (6),17153,$75.99 case (24),156
Moon Dog,Lager 330mL,$18.99 pack (6),14604,$53.99 case (24),14839
Bluey,Full Strength Lager Can 375mL,,,,
Mountain Goat,Pale Ale 330mL,$23.39 pack (6),7739,$72.99 case (24),3703
Stone Metallica,Enter Night Pilsner 473mL,$39.99 pack (6),14493,$142.99 case (24),14361
Rogue,Chocolate Stout Nitro Cans 404mL,$12.99 each (in-store),11726,$212.99 case (24),12050
Byron Bay Brewery,Hazy One Lager Cans 355mL,$18.49 per pack of 6,13978,$61.99 per case of 24,12601
Sierra Nevada,Hop Lovers Taster Pack with Limited Edition Spiegelau IPA Glass,$25.99 per pack (3),2319,$129.99 per case of 6,8502
Burleigh Brewing Co.,Fig Jam IPA 330mL,$21.99 pack (4),20175,$72.99 case (16),5841
Hargreaves Hill,Pale Ale 330mL,$21.99 pack (6),4931,$73.99 case (24),9734
Bridge Road Brewers,Celtic Red Ale Bottles 330mL,$15.49 pack (4),10674,$80.99 case (24),11158
Sail & Anchor,Golden Ale 345mL,$13.99 per pack of 4,11865,$54.99 per case of 24,1616
Vale,Amber Lager 330mL,$21.49 pack (6),9389,$70.99 case (24),3326
Welders Dog,Spelt Sour 355mL,$19.99 per pack of 4,13106,$61.99 per case of 16,4453
Moon Dog,Thunder Lips Yuzu Red IPA Cans 330mL,$19.99 pack (4),12588,$99.99 case (24),719
Mountain Goat,Hello Humanoid 640mL,$11.99 per bottle,12705,$129.99 per case of 12,10553
Eumundi Brewery,Pale Ale 375mL,$21.99 pack (6),12919,$66.99 case (24),4326
Gage Roads,Little Dove New World Pale Ale 330mL,$27.49 pack (6),16504,$81.99 case (24),7462
Moon Dog,Jean-Strawb Van Damme Strawberry Sour Ale Cans 330mL,$20.99 pack (4),11903,$101.99 case (24),2546
Murray's,Angry Man Pale Ale 330mL,$24.99 pack (6),16229,$79.99 case (24),13348
Feral Brewing Co,Imperial Biggie East Coast IPA 375mL,$26.99 per pack (4),21344,$89.99 per case of 16,7633
Nomad Brewing Co.,Powder Day Cherry on Top Double Milk Stout 440mL,$11.99 each,10465,$182.99 case (24),10228
Karl Strauss,Tower 10 IPA 355mL,$28.49 pack (6),21789,$87.99 case (24),12911
Pirate Life,Hibiscus and Elderflower Summer Sour 355mL,$17.49 pack (4),20729,$58.99 case (16),1396
Braeside Brewing Co,Governor Pale Ale Cans 440mL,$24.99 pack (4),15737,$81.99 case (16),8037
Mountain Goat,Hightail Ale 330mL,$24.99 pack (6),11999,$71.99 case (24),13761
Sail & Anchor,Pale Ale 345mL,,,,
Pirate Life Brewing,Single Hop Idaho- 7 Can 355mL,$20.29 pack (4),11892,$70.99 case (16),12084
Bridge Road Brewers,Nitro Magical Christmas Unicorn Vanilla Ice Cream Beer Cans 355mL,$25.49 pack (4),15879,$122.99 case (24),12429
Urbanaut,Del Mar Pink Grapefruit Hazy IPA 440mL,$11.99 each,16914,$199.99 case (24),8362
Sneaky Bucha,XPA & Bucha Can 330mL,$17.99 per pack of 4,19410,$69.99 per case of 24,1925
Pirate Life Brewing,Blueberry Sour Cans 355mL,$16.49 pack (4),10408,$53.99 case (16),8051
Sneaky Bucha,Lager Beer & Bucha Can 330mL,$17.99 per pack of 4,4701,$69.99 Per case of 24,11991
$69.99 Per case of 24,,,,,
4 Pines,Indian Summer Ale Cans 375mL,,,,
Bridge Road Brewers,Chevalier Saison 330mL,$21.99 pack (4),139,$94.99 case (24),2897
Hawkers Beer,IPA Can 375mL,$21.99 pack (4),11972,$71.99 case (16),9697
Saint Archer Brewery,Mixed Ale Variety Pack Cans 355mL,$47.90 per pack of 12,8892,,
EUMUNDI BREWERY,Lager Bottle 330mL,$21.99 pack (6),20809,$66.99 case (24),14336
Matso's,Chilli Beer 330mL,$27.99 pack (6),6871,$82.99 case (24),10985
Feral Brewing Co,Smoked Porter 330mL,$23.49 pack (6),5857,$76.99 case (24),7104
Fixation,Obsession Session IPA Bottles 330mL,$20.99 pack (6),7537,$72.99 case (24),7034
Yeastie Boys,Gunnamatta Earl Grey Tea Leaf IPA Cans 330mL,$20.99 pack (4),9784,$103.99 case (24),6833
Balter,IIPA Cans 500mL,$31.99 per pack (4),3770,$104.99 per case (16),9887
Ballast Point,Victory at Sea 355ml,$39.49 pack (4),16223,$129.99 case (24),11194
Panhead,Tyre Fryer Pale Ale Cans 355mL,$23.99 per pack of 6,19002,$78.99 per case of 24,8699
Blackman's Brewery,Brewery Hoppy Holidays XPA Can 330mL,$20.99 pack (4),8354,$94.99 case (24),11631
Feral Brewing Co,White Ale 330mL,$23.99 pack (6),11603,$74.99 case (24),6465
Feral Brewing Co,Boar Gift Pack Cans 330mL,$26.19 per pack of 6,8882,$84.99 per case of 24,5638
Burleigh Brewing Co.,My Wife's Bitter 330mL,$23.79 per pack of 6,18696,$72.99 per case of 24,961
Pirate Life Brewing,Cashmere IPA Cans 355mL,$20.29 pack (4),21008,$70.99 case (16),7504
Thunder Road Brewing Co.,Exotica 2 New England India Pale Ale Cans 440mL,$25.99 pack (4),15164,$82.99 case (16),2192
Moo Brew,Pilsner 330mL,,,,
Fixation Brewing,Squish Citrus IPA Can 330mL,$21.99 pack (4),7115,$119.99 case (24),2969
White Rabbit,Sour Red Ale 355mL,$24.99 per pack of 6,16197,$80.99 per case of 24,9453
Knappstein,Reserve Lager 330mL,,,,
Sail & Anchor,Golden Ale 345mL,$13.99 per pack of 4,1995,$54.99 per case of 24,1088
Hargreaves Hill,Pale Ale 330mL,$21.99 pack (6),13639,$73.99 case (24),8099
EUMUNDI BREWERY,Lager Bottle 330mL,$21.99 pack (6),2678,$66.99 case (24),13778
Moon Dog,Splice of Heaven Pine Lime Ice Cream IPA Cans 330mL,$20.99 pack (4),8394,$101.99 case (24),10863
Little Creatures,Original Pilsner 330mL,$25.49 per pack of 6,19150,$77.99 per case of 24,5191
Little Creatures,XPA 330mL,$25.49 per pack of 6,171,$79.99 per case of 24,718
John Boston,The Surprize Summer Ale Cans 10 Pack 375mL,$26.99 per pack of 10,9976,$70.99 case (30),13100
White Rabbit,Golden Sour Cans 355mL,$24.99 pack (6),11342,$79.99 case (24),779
Beemead,Manuka Honey Sparkling Mead 300mL,$16.49 pack (4),22006,$83.99 case (24),11314
Yenda,Pale Ale 330mL,$21.49 pack (6),5782,$58.99 case (24),849
Feral Brewing Co,,,,,
Hop Hog Pale Ale 330mL,$21.49 pack (4),$59.99 case (16),12543,,
Yak Ales,Lazy Yak Australian Pale Ale 345mL,,,,
Doss Blockos,Pale Lager 330mL,$24.99 pack (6),16181,$77.99 case (24),8404
Panhead,Lube Nube IPA Cans 355mL,$23.99 pack (4),19814,$78.99 case (24),1205
Balter,Strong Pale Ale Cans 375mL,$21.49 pack (4),17514,$71.99 case (16),2900
Cricketers Arms,Pale Ale Cans 10 Pack 375mL,$28.19 per pack of 10,11572,$59.99 case (30),13985
Goose Island,Halia Belgian Style Wild Ale 765mL,$20.69 per bottle,4043,$101.99 per case of 6,1099
Loafer,Pale Ale 330mL,$24.99 pack (6),16404,$72.99 case (24),4285
Sail & Anchor,Amber Ale 345mL,$13.99 per pack of 4,15609,$54.99 per case of 24,6153
Feral Brewing Co,Barrel Fermented Hog Oaked American Pale Ale 375mL,$22.99 pack (4),13938,$67.99 case (16),14551
James Squire,Hop Thief 9 American Pale Ale 345mL,$22.99 pack (6),21714,$56.99 case (24),3436
Sail & Anchor,Pale Ale 345mL,,17021,,
Colossal Brewing,Inner Gravity Passionfruit Sour Beer Can 375mL,$19.99 pack (4),4207,$58.99 case (16),12479
4 Pines X Golden Road,Dingo Pup Trans-Pacific Pale Ale Bottles 330mL,$20.19 per pack of 4,19631,$90.99 per case of 24,6595
Feral Brewing Co,Smoked Porter Can 375mL,$18.99 pack (4),14974,$63.99 case (16),58
Bridge Road Brewers,Harvest Haze Fresh Hop IPA Bottles 330mL,$23.49 per pack of 4,445,$115.99 per case of 24,3718
Deep Creek Brewing Co.,Dragon Hazy IPA Cans 440mL,$12.49 each,1770,$201.99 case (24),3894
John Boston,The Point Pale Ale Cans 10 Pack 375mL,$26.99 per pack of 10,8953,$70.99 case (30),12306
Wicked Elf,Porter 330mL,$22.99 pack (4),14211,$97.99 case (24),1720
KAIJU!,Main Squeeze Passion Guava Session Ale 375mL,$17.49 per pack of 4,20888,$57.99 per pack of 16,1860
Brooklyn Brewery,The Stonewall Inn IPA Cans 355mL,$23.99 pack (6),3551,$76.99 case (24),11900
Burleigh Brewing Co.,28 Pale Ale 330mL,$23.99 pack (6),4206,$72.99 case (24),9905
Brewdog,Punk IPA Cans 330mL,$17.49 per pack of 4,16271,$81.99 per case of 24,5645
Gage Roads,Little Dove New World Pale Ale 330mL,$27.49 pack (6),8471,$81.99 case (24),8046
Moon Dog,Jean-Strawb Van Damme Strawberry Sour Ale Cans 330mL,$20.99 pack (4),4793,$101.99 case (24),14156
Murray's,Angry Man Pale Ale 330mL,$24.99 pack (6),6554,$79.99 case (24),12525
Feral Brewing Co,Imperial Biggie East Coast IPA 375mL,$26.99 per pack (4),1528,$89.99 per case of 16,3595
Nomad Brewing Co.,Powder Day Cherry on Top Double Milk Stout 440mL,$11.99 each,20910,$182.99 case (24),9030
Karl Strauss,Tower 10 IPA 355mL,$28.49 pack (6),16521,$87.99 case (24),12093
Coopers,Pacific Pale Ale Bottles 375mL,$23.49 pack (6),11931,$64.99 case (24),1113
Pirate Life Brewing,Tropical IIPA Cans 355mL,$27.89 pack (4),5350,$86.99 case (16),2614
Sierra Nevada,Hazy Little Thing IPA 355mL,$29.99 pack (6),10923,$93.99 case (24),11534
Welders Dog,Spelt Sour 355mL,$19.99 per pack of 4,7937,$61.99 per case of 16,205
Moon Dog,Thunder Lips Yuzu Red IPA Cans 330mL,$19.99 pack (4),1705,$99.99 case (24),4660
Bridge Road Brewers,Celtic Red Ale Bottles 330mL,$15.49 pack (4),5629,$80.99 case (24),3484
Mountain Goat,Hello Humanoid 640mL,$11.99 per bottle,11236,$129.99 per case of 12,10076
Eumundi Brewery,Pale Ale 375mL,$21.99 pack (6),1858,$66.99 case (24),5390
Bargara Brewing Co.,Thirsty Turtle Bright Lager Bottles 330mL,$21.99 pack (6),18002,$69.99 case (24),14759
Bridge Road Brewers,Robust Porter Bottles 330mL,$18.99 pack (4),2794,$86.99 case (24),10273
Vale,Amber Lager 330mL,$21.49 pack (6),13716,$70.99 case (24),407
Malt Shovel Brewers,XPA Cans 355mL,$25.49 pack (6),4716,$75.99 case (24),4065
Stone Metallica,Enter Night Pilsner 473mL,$39.99 pack (6),15821,$142.99 case (24),7273
Rogue,Chocolate Stout Nitro Cans 404mL,$12.99 each (in-store),13110,$212.99 case (24),13784
Byron Bay Brewery,Hazy One Lager Cans 355mL,$18.49 per pack of 6,14034,$61.99 per case of 24,10903
Sierra Nevada,Hop Lovers Taster Pack with Limited Edition Spiegelau IPA Glass,$25.99 per pack (3),1761,$129.99 per case of 6,6646
Burleigh Brewing Co.,Fig Jam IPA 330mL,$21.99 pack (4),21281,$72.99 case (16),11812
Pirate Life Brewing,Mosaic Cans 355mL,,,,
Moon Dog,Mack Daddy Dark Ale 330ml,$19.99 pack (6),7217,$64.99 case (24),6599
Deep Creek,Trinity Hazy DIPA Cans 440mL,$11.99 each,3093,$199.99 case (24),68
Zytho,Brewing White Stout Can 375ml,$20.49 pack (4),3972,$75.99 case (24),3175
4 Pines,Keller Door Grapefruit IPL 500mL,,,,
4 Pines,Keller Door Mango Pineapple NEIPA 500mL,$11.69 each,14833,$95.99 case (12),2695
Moon Dog,Watermelon Sour Ale Cans 330mL,$20.99 pack (4),12852,$101.99 case (24),6352
Panhead,Super Charger American Pale Ale Cans 355mL,$26.99 pack (6),229,$79.99 case (24),11127
Mountain Goat,P.O.G IPA Cans 375mL,$22.99 pack (4),9111,$110.99 case (24),6658
White Rabbit,Chocolate Stout Bottle 330mL,$26.49 pack (6),8694,$78.99 case (24),12030
Bridge Road,B2 Bomber Mach 11.0 Black Belgian Double IPA 750mL,$34.99 per bottle,6978,$153.99 per case of 6,1889
The Good Beer Co,A Good Beer Always Helps Craft Beer Cans 16 Pack,,,$62.99 case (16),12474
Panhead,Quickchange XPA Cans 355mL,$25.99 pack (6),4030,$78.99 case (24),13888
Master of the Brewniverse,Fruit of the Woods IPA Cans 375mL,$20.99 per pack of 6,1293,$64.99 per case of 24,1358
Little Creatures,India Pale Ale 330mL,$19.49 pack (4),22187,$87.99 case (24),8650
Ballast Point,Fathom IPA 355mL,$28.49 pack (6),14969,$82.99 case (24),342
Feral Brewing Co,White Ale Can 375mL,$18.99 pack (4),8290,$63.99 case (16),9606
Little Creatures,Stout Bottles 330mL,$25.99 pack (6),8613,$78.99 case (24),2842
Thunder Road Brewing Co.,Rose Saison Cans 440mL,$25.99 pack (4),11036,$82.99 case (16),5503
Coopers,Thomas Cooper's Selection Celebration Ale 355mL,$22.79 pack (6),17743,$62.99 case (24),1153
Panhead,Sucky MonMon Japanese Lager Cans 355mL,$26.49 per pack of 6,12005,$87.99 per case of 24,14445
Thunder Road Brewing Co.,Triple Hop Bomb West Coast IPA Cans 440mL,$25.99 pack (4),6786,$82.99 case (16),2186
Brooklyn,Defender IPA Cans 355mL,$24.99 per pack of 6,2418,$79.99 per case of 24,2351
Australian Brewery,Pale Ale 375mL,$22.99 pack (6),3099,$72.99 case (24),2578
4 Pines,Keller Door Nitro Pavlova Ale Bottles 330mL,$20.19 pack (4),2344,$93.99 case (24),12747
Nomad Brewing Co.,Supersonic Rossa Red Double IPA Cans 500mL,$34.99 pack (4),2905,$169.99 case (24),6420
Thunder Road Brewing Co.,Dark & Creamy Boysenberry IPA 440mL,$24.99 pack (4),7907,$74.99 case (16),7622
Moon Dog,Sir Plum McCartney Plum Sour Ale Cans 330mL,$20.99 pack (4),19923,$93.99 case (24),9518
Pirate Life Brewing,Boysenberry Dark Sour Cans 355mL,$19.99 pack (4),10682,$65.99 case (16),7129
Offshoot Beer Co.,Relax Hazy IPA Cans 473mL,$38.99 pack (4),10329,$185.99 case (24),14440
Bridge Road,Hop Rainbow IPA Bottles 330mL,$24.49 per pack of 4,8362,$116.99 per case of 24,12480
Thunder Road Brewing Co.,Exotica New England India Pale Ale 440mL,$24.99 pack (4),18676,$74.99 case (16),4922
Pirate Life Brewing,North West Pale Cans 355mL,$19.99 pack (4),3430,$65.99 case (16),3315
Pirate Life Brewing,IIPA Cans 500mL,$41.99 pack (4),4549,$144.99 case (16),13467
Yeastie Boys,Pot Kettle Black South Pacicic Porter Cans 330mL,$19.99 pack (4),21515,$95.99 case (24),9109
Mountain Goat,Rare Breed Fox Chaser Farmhouse Red Ale 640mL,$12.19 each,15283,$131.99 case (12),4864
Goose Island,IPA Bottles 330mL,$25.49 pack (6),294,$80.99 case (24),11441
Ballast Point,Point Aloha Sculpin IPA Bottles 355mL,$30.99 pack (6),2401,$102.99 case (24),11906
Stone Metallic,Stout 473mL,$45.99 pack (6),7071,$155.99 case (24),10129
Bridge Road Brewers,Chestnut Pilsner 330mL,$24.49 per pack of 6,1535,$92.99 per case of 24,5827
Stone & Wood,Stone Beer Wood Fired Porter Bottles 330mL,$20.99 pack (4),7488,$101.99 case (24),10152
Mountain Goat,Rare Breed Swamp Thang Dank DIPA 640mL,$13.19 per bottle,985,$137.99 per case of 12,6878
Vale,Pale Ale 330mL,$22.49 per pack of 6,13518,$71.99 per case of 24,5072
Monteith's,Pointers Pale Ale 330mL,$21.99 pack (6),20886,$65.99 case (24),2654
Cricketers,Summer Ale 330mL,$22.49 pack (6),19809,$56.99 case (24),6075
Cricketers,Lager 330mL,$23.09 pack (6),6489,$57.99 case (24),2478
Hawthorn Brewing Co.,Pale Ale 330mL,$21.49 pack (6),16911,$72.99 case (24),2642
Little Creatures,IPA Cans 355mL,$27.49 pack (6),4518,$88.99 case (24),14876